{
	"type": "FeatureCollection",
	"features": [
		{
			"type": "Feature",
			"geometry": {
				"type": "LineString",
				"coordinates": [
					[
						-1.08054,
						52.06846,
						0
					],
					[
						-1.08058,
						52.06835,
						0
					],
					[
						-1.07972,
						52.067,
						0
					],
					[
						-1.07942,
						52.06666,
						0
					],
					[
						-1.07817,
						52.06678,
						0
					],
					[
						-1.07816,
						52.06665,
						0
					],
					[
						-1.07808,
						52.06651,
						0
					],
					[
						-1.07756,
						52.06501,
						0
					],
					[
						-1.07754,
						52.06486,
						0
					],
					[
						-1.07762,
						52.06471,
						0
					],
					[
						-1.07741,
						52.06459,
						0
					],
					[
						-1.0769,
						52.06391,
						0
					],
					[
						-1.07676,
						52.06376,
						0
					],
					[
						-1.07664,
						52.06371,
						0
					],
					[
						-1.07656,
						52.0637,
						0
					],
					[
						-1.07522,
						52.06373,
						0
					],
					[
						-1.075,
						52.063720000000007,
						0
					],
					[
						-1.07483,
						52.06367,
						0
					],
					[
						-1.07326,
						52.06307,
						0
					],
					[
						-1.07314,
						52.06308,
						0
					],
					[
						-1.07309,
						52.06307,
						0
					],
					[
						-1.07305,
						52.06305,
						0
					],
					[
						-1.07302,
						52.06298,
						0
					],
					[
						-1.07257,
						52.06284,
						0
					],
					[
						-1.07167,
						52.06223,
						0
					],
					[
						-1.07247,
						52.06088,
						0
					],
					[
						-1.07289,
						52.06048,
						0
					],
					[
						-1.07297,
						52.06029,
						0
					],
					[
						-1.07358,
						52.05929,
						0
					],
					[
						-1.07409,
						52.05837,
						0
					],
					[
						-1.07439,
						52.0579,
						0
					],
					[
						-1.07455,
						52.05736,
						0
					],
					[
						-1.0746,
						52.05706,
						0
					],
					[
						-1.07462,
						52.05663,
						0
					],
					[
						-1.07478,
						52.05599,
						0
					],
					[
						-1.07487,
						52.05526,
						0
					],
					[
						-1.07491,
						52.05517,
						0
					],
					[
						-1.0752,
						52.05505,
						0
					],
					[
						-1.07509,
						52.05494,
						0
					],
					[
						-1.07503,
						52.05479,
						0
					],
					[
						-1.07494,
						52.05429,
						0
					],
					[
						-1.07494,
						52.05419,
						0
					],
					[
						-1.075,
						52.05372,
						0
					],
					[
						-1.07543,
						52.05189,
						0
					],
					[
						-1.07547,
						52.05172,
						0
					],
					[
						-1.07509,
						52.05165,
						0
					],
					[
						-1.07351,
						52.05152,
						0
					],
					[
						-1.07295,
						52.05142,
						0
					],
					[
						-1.07271,
						52.05144,
						0
					],
					[
						-1.07171,
						52.05107,
						0
					],
					[
						-1.07107,
						52.05064,
						0
					],
					[
						-1.06911,
						52.04995,
						0
					],
					[
						-1.06635,
						52.04918,
						0
					],
					[
						-1.06119,
						52.04728,
						0
					],
					[
						-1.05902,
						52.04661,
						0
					],
					[
						-1.05777,
						52.04607,
						0
					],
					[
						-1.05553,
						52.04526,
						0
					],
					[
						-1.05366,
						52.04423,
						0
					],
					[
						-1.0539,
						52.04393,
						0
					],
					[
						-1.05381,
						52.0439,
						0
					],
					[
						-1.05344,
						52.04358,
						0
					],
					[
						-1.05304,
						52.04339,
						0
					],
					[
						-1.0514,
						52.04224,
						0
					],
					[
						-1.05117,
						52.04195,
						0
					],
					[
						-1.05099,
						52.04182,
						0
					],
					[
						-1.05077,
						52.04162,
						0
					],
					[
						-1.05073,
						52.04152,
						0
					],
					[
						-1.05066,
						52.04148,
						0
					],
					[
						-1.0507,
						52.04137,
						0
					],
					[
						-1.05027,
						52.04101,
						0
					],
					[
						-1.0502,
						52.04091,
						0
					],
					[
						-1.05009,
						52.04064,
						0
					],
					[
						-1.05003,
						52.0404,
						0
					],
					[
						-1.05003,
						52.04023,
						0
					],
					[
						-1.05007,
						52.03993,
						0
					],
					[
						-1.05012,
						52.03983,
						0
					],
					[
						-1.05011,
						52.03979,
						0
					],
					[
						-1.04931,
						52.03969,
						0
					],
					[
						-1.04784,
						52.03941,
						0
					],
					[
						-1.04726,
						52.03933,
						0
					],
					[
						-1.04588,
						52.03897,
						0
					],
					[
						-1.04567,
						52.03889,
						0
					],
					[
						-1.04446,
						52.03855,
						0
					],
					[
						-1.04388,
						52.0385,
						0
					],
					[
						-1.04348,
						52.03842,
						0
					],
					[
						-1.04207,
						52.03807,
						0
					],
					[
						-1.04164,
						52.03799,
						0
					],
					[
						-1.0413,
						52.03794,
						0
					],
					[
						-1.0409,
						52.03794,
						0
					],
					[
						-1.0408,
						52.03785,
						0
					],
					[
						-1.03966,
						52.03757,
						0
					],
					[
						-1.03847,
						52.03717,
						0
					],
					[
						-1.03806,
						52.03707,
						0
					],
					[
						-1.03801,
						52.03704,
						0
					],
					[
						-1.03672,
						52.03677,
						0
					],
					[
						-1.03563,
						52.03649,
						0
					],
					[
						-1.0333,
						52.03601,
						0
					],
					[
						-1.03245,
						52.03591,
						0
					],
					[
						-1.03185,
						52.03586,
						0
					],
					[
						-1.03134,
						52.03588,
						0
					],
					[
						-1.03079,
						52.03594,
						0
					],
					[
						-1.03005,
						52.0361,
						0
					],
					[
						-1.02932,
						52.03621,
						0
					],
					[
						-1.0289,
						52.03624,
						0
					],
					[
						-1.02836,
						52.03631,
						0
					],
					[
						-1.02773,
						52.03645,
						0
					],
					[
						-1.0278,
						52.03653,
						0
					],
					[
						-1.02734,
						52.03603,
						0
					],
					[
						-1.02717,
						52.03576,
						0
					],
					[
						-1.02693,
						52.03571,
						0
					],
					[
						-1.02446,
						52.03418,
						0
					],
					[
						-1.02414,
						52.03394,
						0
					],
					[
						-1.024,
						52.03379,
						0
					],
					[
						-1.02378,
						52.03369,
						0
					],
					[
						-1.02367,
						52.03367,
						0
					],
					[
						-1.02351,
						52.03366,
						0
					],
					[
						-1.02329,
						52.03372,
						0
					],
					[
						-1.0227,
						52.03376,
						0
					],
					[
						-1.02254,
						52.03374,
						0
					],
					[
						-1.02228,
						52.03369,
						0
					],
					[
						-1.02157,
						52.03342,
						0
					],
					[
						-1.02129,
						52.03324,
						0
					],
					[
						-1.02118,
						52.0331,
						0
					],
					[
						-1.02113,
						52.03303,
						0
					],
					[
						-1.02103,
						52.03253,
						0
					],
					[
						-1.02676,
						52.02773,
						0
					],
					[
						-1.02717,
						52.02736,
						0
					],
					[
						-1.02732,
						52.02735,
						0
					],
					[
						-1.02717,
						52.02736,
						0
					],
					[
						-1.02721,
						52.02732,
						0
					],
					[
						-1.02721,
						52.02679,
						0
					],
					[
						-1.02718,
						52.02538,
						0
					],
					[
						-1.02715,
						52.02513,
						0
					],
					[
						-1.02696,
						52.02481,
						0
					],
					[
						-1.02659,
						52.02429,
						0
					],
					[
						-1.02628,
						52.024,
						0
					],
					[
						-1.02595,
						52.02375,
						0
					],
					[
						-1.02546,
						52.02348,
						0
					],
					[
						-1.02206,
						52.02241,
						0
					],
					[
						-1.02144,
						52.02226,
						0
					],
					[
						-1.02031,
						52.02201,
						0
					],
					[
						-1.01927,
						52.02175,
						0
					],
					[
						-1.0184,
						52.02159,
						0
					],
					[
						-1.01763,
						52.02148,
						0
					],
					[
						-1.0168,
						52.02143,
						0
					],
					[
						-1.01577,
						52.02139,
						0
					],
					[
						-1.01445,
						52.02138,
						0
					],
					[
						-1.01049,
						52.02054,
						0
					],
					[
						-1.01007,
						52.02038,
						0
					],
					[
						-1.00989,
						52.02035,
						0
					],
					[
						-1.00963,
						52.02039,
						0
					],
					[
						-1.00918,
						52.02052,
						0
					],
					[
						-1.00783,
						52.01886,
						0
					],
					[
						-1.00588,
						52.01645,
						0
					],
					[
						-1.00587,
						52.01631,
						0
					],
					[
						-1.00572,
						52.01625,
						0
					],
					[
						-1.00561,
						52.01615,
						0
					],
					[
						-1.00526,
						52.01569,
						0
					],
					[
						-1.00195,
						52.01162,
						0
					],
					[
						-0.99441,
						52.00228,
						0
					],
					[
						-0.9932,
						52.00086,
						0
					],
					[
						-0.99286,
						52.00047,
						0
					],
					[
						-0.99278,
						52.00036,
						0
					],
					[
						-0.9921,
						52.0003,
						0
					],
					[
						-0.9912300000000001,
						52.00015,
						0
					],
					[
						-0.99045,
						52.00008,
						0
					],
					[
						-0.98929,
						52.00015,
						0
					],
					[
						-0.98852,
						52.00011,
						0
					],
					[
						-0.98842,
						52.00009,
						0
					],
					[
						-0.98735,
						52.00043,
						0
					],
					[
						-0.98635,
						52.00111,
						0
					],
					[
						-0.98648,
						52.00117,
						0
					]
				]
			},
			"properties": {
				"name": "Syresham to Buckingham",
                "distance": 12,
				"description": "Head across the fields towards the landscape masterpiece of Stowe to the town that that looks after its river.",
                "link": "/walks/1-syresham-to-buckingham-12-km.html",
                "image": "/assets/images/1/Corinthian%20Arch%20at%20Stowe.jpg",
				"stroke": "#f57c00",
				"stroke-opacity": 1,
				"strokewidth": 4
			}
		},
		{
			"type": "Feature",
			"geometry": {
				"type": "LineString",
				"coordinates": [
					[
						-1.0207685,
						52.0330318,
						0
					],
					[
						-1.0142453,
						52.0384174,
						0
					],
					[
						-1.0100396,
						52.0363583,
						0
					],
					[
						-1.0077222,
						52.0354079,
						0
					],
					[
						-1.0075505,
						52.0323453,
						0
					],
					[
						-1.0055764,
						52.0298634,
						0
					],
					[
						-1.0057481,
						52.0282264,
						0
					],
					[
						-1.0043748,
						52.0248465,
						0
					],
					[
						-1.0067781,
						52.0228395,
						0
					],
					[
						-1.0085805,
						52.0208325,
						0
					]
				]
			},
			"properties": {
				"name": "Alternative route around Stowe",
                "distance": 3,
				"description": "Alternative route around Stowe to see more of the architecture and gardens",
                "link": "/walks/1-syresham-to-buckingham-12-km.html",
                "image": "/assets/images/1/Corinthian%20Arch%20at%20Stowe.jpg",
				"stroke": "#6d69699a",
				"stroke-opacity": 1,
				"strokewidth": 3
			}
		},
		{
			"type": "Feature",
			"geometry": {
				"type": "LineString",
				"coordinates": [[
-0.9871249,52.0005191,0],[
-0.98686,52.00048,0],[
-0.98443,51.99896,0],[
-0.98378,51.99914,0],[
-0.98294,52.00039,0],[
-0.98378,51.99914,0],[
-0.98294,52.00039,0],[
-0.98163,52.0005,0],[
-0.98108,52.00031,0],[
-0.9798,52.0016,0],[
-0.97943,52.0018,0],[
-0.97826,52.0013,0],[
-0.97787,52.00102,0],[
-0.97767,52.00083,0],[
-0.97713,52.00002,0],[
-0.97696,51.99986,0],[
-0.97616,51.99939,0],[
-0.97593,51.99919,0],[
-0.97584,51.99911,0],[
-0.97576,51.99897,0],[
-0.97509,51.99838,0],[
-0.97451,51.99803,0],[
-0.9742,51.99762,0],[
-0.9736,51.99703,0],[
-0.97344,51.99704,0],[
-0.97323,51.99705,0],[
-0.97244,51.99704,0],[
-0.97227,51.99707,0],[
-0.9722,51.99704,0],[
-0.9698,51.99703,0],[
-0.9698,51.99705,0],[
-0.96971,51.99741,0],[
-0.96968,51.99741,0],[
-0.96954,51.99751,0],[
-0.96926,51.99797,0],[
-0.96879,51.99907,0],[
-0.96813,52.00004,0],[
-0.96737,52.00108,0],[
-0.96734,52.00126,0],[
-0.96685,52.0019,0],[
-0.96586,52.00322,0],[
-0.9657,52.00334,0],[
-0.96511,52.00363,0],[
-0.96375,52.00393,0],[
-0.96327,52.00397,0],[
-0.96274,52.00398,0],[
-0.96189,52.00392,0],[
-0.95857,52.00366,0],[
-0.95501,52.0035,0],[
-0.95388,52.00333,0],[
-0.9531,52.00323,0],[
-0.95217,52.0035,0],[
-0.94861,52.00497,0],[
-0.94801,52.00516,0],[
-0.94722,52.00522,0],[
-0.94602,52.00518,0],[
-0.94537,52.00531,0],[
-0.94504,52.00548,0],[
-0.94398,52.00658,0],[
-0.94384,52.00673,0],[
-0.94361,52.00716,0],[
-0.94362,52.00846,0],[
-0.9435,52.00883,0],[
-0.94292,52.00973,0],[
-0.94245,52.01084,0],[
-0.94229,52.01107,0],[
-0.94209,52.01118,0],[
-0.94086,52.01164,0],[
-0.93942,52.01211,0],[
-0.93471,52.01375,0],[
-0.93274,52.01434,0],[
-0.93109,52.01478,0],[
-0.92779,52.01553,0],[
-0.92701,52.01576,0],[
-0.92647,52.01616,0],[
-0.92565,52.01662,0],[
-0.92351,52.01775,0],[
-0.92244,52.01827,0],[
-0.92197,52.0186,0],[
-0.92147,52.01924,0],[
-0.921,52.02007,0],[
-0.92082,52.0202,0],[
-0.91941,52.02069,0],[
-0.91869,52.02097,0],[
-0.91768,52.02126,0],[
-0.91408,52.02068,0],[
-0.91359,52.02063,0],[
-0.91303,52.02063,0],[
-0.9126,52.02066,0],[
-0.91171,52.02083,0],[
-0.91084,52.02106,0],[
-0.90976,52.02141,0],[
-0.90928,52.02162,0],[
-0.90888,52.02184,0],[
-0.90846,52.02207,0],[
-0.90814,52.02187,0],[
-0.90645,52.02116,0],[
-0.90551,52.02072,0],[
-0.90492,52.02035,0],[
-0.90479,52.02039,0],[
-0.90293,52.02095,0],[
-0.89928,52.02213,0],[
-0.89413,52.02481,0],[
-0.89252,52.02551,0],[
-0.8806374,52.0269668,0],[
-0.8787,52.02622,0],[
-0.87784,52.02651,0],[
-0.87701,52.02674,0],[
-0.87665,52.02665,0],[
-0.87662,52.02642,0],[
-0.87645,52.02602,0],[
-0.87618,52.02551,0],[
-0.87385,52.02607,0],[
-0.87202,52.02734,0],[
-0.87009,52.02856,0],[
-0.86916,52.03028,0],[
-0.86807,52.0309,0],[
-0.86468,52.03283,0],[
-0.86432,52.03312,0],[
-0.8641,52.03333,0],[
-0.86406,52.03347,0],[
-0.86135,52.0355,0],[
-0.8615,52.03879,0],[
-0.86082,52.0394,0],[
-0.86013,52.03984,0],[
-0.85829,52.04084,0],[
-0.85627,52.04196,0],[
-0.85593,52.04223,0],[
-0.8556,52.04274,0],[
-0.85561,52.04285,0],[
-0.85424,52.04362,0],[
-0.85389,52.04392,0],[
-0.85374,52.04401,0],[
-0.85373,52.04381,0],[
-0.85374,52.04401,0],[
-0.85371,52.04417,0],[
-0.85362,52.04586,0],[
-0.8534,52.04697,0],[
-0.85346,52.04707,0],[
-0.85281,52.04738,0],[
-0.85236,52.04765,0],[
-0.85224,52.04813,0],[
-0.85235,52.04819,0],[
-0.85234,52.04854,0],[
-0.85237,52.04888,0],[
-0.85237,52.04967,0],[
-0.85222,52.04994,0],[
-0.85203,52.04989,0],[
-0.85182,52.04999,0],[
-0.85171,52.05002,0],[
-0.85162,52.05015,0],[
-0.85162,52.05045,0],[
-0.85162,52.05015,0],[
-0.85171,52.05002,0],[
-0.85182,52.04999,0],[
-0.85203,52.04989,0],[
-0.85233,52.04997,0],[
-0.85244,52.05003,0],[
-0.85247,52.05009,0],[
-0.85244,52.05017,0],[
-0.85227,52.05043,0],[
-0.85231,52.05053,0],[
-0.8523,52.05058,0],[
-0.85212,52.05069,0],[
-0.85218,52.05091,0],[
-0.85245,52.05116,0],[
-0.85262,52.05146,0],[
-0.85262,52.05156,0],[
-0.85278,52.05177,0],[
-0.85284,52.0519,0],[
-0.8528,52.05205,0],[
-0.85285,52.05215,0],[
-0.85299,52.05228,0],[
-0.85328,52.05246,0],[
-0.85381,52.05269,0],[
-0.85398,52.05271,0],[
-0.85488,52.05304,0],[
-0.85506,52.05308,0],[
-0.8552,52.05315,0],[
-0.85527,52.05328,0],[
-0.85532,52.05346,0],[
-0.85541,52.0535,0],[
-0.85553,52.05351,0],[
-0.85573,52.05347,0],[
-0.85638,52.05409,0],[
-0.85689,52.05452,0],[
-0.85852,52.05572,0],[
-0.85866,52.05564,0],[
-0.85867,52.05553,0],[
-0.85867,52.05574,0],[
-0.85873,52.05586,0],[
-0.85845,52.05603,0],[
-0.85823,52.05612,0],[
-0.85745,52.05633,0],[
-0.85748,52.05642,0],[
-0.85739,52.05651,0],[
-0.85694,52.05666,0]]
			},
			"properties": {
				"name": "Buckingham to Stony Stratford",
                "distance": 15,
				"description": "Trace the path of the long gone Buckingham Canal and pass through villages well off the beaten track.",
                "link": "/walks/2-buckingham-to-stony-stratford-15-km.html",
                "image": "/assets/images/1/Buckingham%20canal.jpg",
				"stroke": "#f57c00",
				"stroke-opacity": 1,
				"strokewidth": 4
			}
		},
		{
			"type": "Feature",
			"geometry": {
				"type": "LineString",
				"coordinates": [
					[
						-0.8610327,
						52.0358732,
						0
					],
					[
						-0.8600856,
						52.0365704,
						0
					],
					[
						-0.8580226,
						52.0373732,
						0
					],
					[
						-0.8522687,
						52.0391394,
						0
					],
					[
						-0.8500767,
						52.039876,
						0
					],
					[
						-0.8497913,
						52.041237,
						0
					],
					[
						-0.8502443,
						52.0414123,
						0
					],
					[
						-0.8507062,
						52.0418851,
						0
					],
					[
						-0.8503793,
						52.0431245,
						0
					],
					[
						-0.8505162000000001,
						52.0446944,
						0
					],
					[
						-0.8504386,
						52.0463172,
						0
					],
					[
						-0.851673,
						52.0466844,
						0
					],
					[
						-0.8520063,
						52.0479491,
						0
					]
				]
			},
			"properties": {
				"name": "Calverton alternative route",
                "distance": 2,
                "link": "/walks/2-buckingham-to-stony-stratford-15-km.html",
                "image": "/assets/images/1/Buckingham%20canal.jpg",
				"description": "This alternative takes a well-used footpath to the Lower Wield of Calverton with <a href='https://en.wikipedia.org/wiki/Calverton,_Buckinghamshire'>several things worth a closer look</a>",
				"stroke": "#6d69699a",
				"stroke-opacity": 1,
				"strokewidth": 3
			}
		},
		{
			"type": "Feature",
			"geometry": {
				"type": "LineString",
				"coordinates": [
					[
						-0.85725,
						52.05688,
						0
					],
					[
						-0.85738,
						52.05694,
						0
					],
					[
						-0.85771,
						52.05702,
						0
					],
					[
						-0.85849,
						52.05739,
						0
					],
					[
						-0.85902,
						52.05794,
						0
					],
					[
						-0.86003,
						52.0584,
						0
					],
					[
						-0.86033,
						52.05861,
						0
					],
					[
						-0.8604,
						52.05877,
						0
					],
					[
						-0.86047,
						52.05908,
						0
					],
					[
						-0.86061,
						52.05945,
						0
					],
					[
						-0.86083,
						52.06025,
						0
					],
					[
						-0.8609,
						52.06091,
						0
					],
					[
						-0.86078,
						52.06096,
						0
					],
					[
						-0.86054,
						52.06111,
						0
					],
					[
						-0.8604,
						52.06138,
						0
					],
					[
						-0.86044,
						52.06154,
						0
					],
					[
						-0.86045,
						52.06183,
						0
					],
					[
						-0.86034,
						52.06211,
						0
					],
					[
						-0.86029,
						52.06227,
						0
					],
					[
						-0.8602,
						52.06239,
						0
					],
					[
						-0.85913,
						52.06308,
						0
					],
					[
						-0.85902,
						52.06327,
						0
					],
					[
						-0.85891,
						52.06335,
						0
					],
					[
						-0.85871,
						52.06346,
						0
					],
					[
						-0.85831,
						52.06355,
						0
					],
					[
						-0.85814,
						52.0636,
						0
					],
					[
						-0.8576,
						52.06389,
						0
					],
					[
						-0.85739,
						52.06393,
						0
					],
					[
						-0.85718,
						52.06395,
						0
					],
					[
						-0.85666,
						52.06389,
						0
					],
					[
						-0.85615,
						52.06387,
						0
					],
					[
						-0.85526,
						52.06387,
						0
					],
					[
						-0.85467,
						52.06391,
						0
					],
					[
						-0.85411,
						52.06399,
						0
					],
					[
						-0.85343,
						52.06412,
						0
					],
					[
						-0.85316,
						52.06414,
						0
					],
					[
						-0.85312,
						52.06407,
						0
					],
					[
						-0.85303,
						52.06402,
						0
					],
					[
						-0.8528,
						52.06393,
						0
					],
					[
						-0.85208,
						52.06374,
						0
					],
					[
						-0.85184,
						52.06365,
						0
					],
					[
						-0.85176,
						52.06367,
						0
					],
					[
						-0.85161,
						52.06378,
						0
					],
					[
						-0.85103,
						52.064,
						0
					],
					[
						-0.85082,
						52.06404,
						0
					],
					[
						-0.85055,
						52.06395,
						0
					],
					[
						-0.85005,
						52.06388,
						0
					],
					[
						-0.84977,
						52.0639,
						0
					],
					[
						-0.84958,
						52.06382,
						0
					],
					[
						-0.84902,
						52.06377,
						0
					],
					[
						-0.84905,
						52.06369,
						0
					],
					[
						-0.84898,
						52.06357,
						0
					],
					[
						-0.84868,
						52.06347,
						0
					],
					[
						-0.84821,
						52.06338,
						0
					],
					[
						-0.84725,
						52.06304,
						0
					],
					[
						-0.84684,
						52.06294,
						0
					],
					[
						-0.84636,
						52.0628,
						0
					],
					[
						-0.8461,
						52.06274,
						0
					],
					[
						-0.846,
						52.06269,
						0
					],
					[
						-0.84588,
						52.0626,
						0
					],
					[
						-0.84585,
						52.06251,
						0
					],
					[
						-0.84588,
						52.0626,
						0
					],
					[
						-0.8457,
						52.06263,
						0
					],
					[
						-0.84507,
						52.06258,
						0
					],
					[
						-0.84456,
						52.06252,
						0
					],
					[
						-0.84423,
						52.06254,
						0
					],
					[
						-0.84356,
						52.06261,
						0
					],
					[
						-0.8425,
						52.06236,
						0
					],
					[
						-0.84244,
						52.06236,
						0
					],
					[
						-0.84235,
						52.06237,
						0
					],
					[
						-0.84171,
						52.06257,
						0
					],
					[
						-0.84164,
						52.06247,
						0
					],
					[
						-0.84116,
						52.06262,
						0
					],
					[
						-0.84031,
						52.06273,
						0
					],
					[
						-0.83982,
						52.06282,
						0
					],
					[
						-0.83947,
						52.06292,
						0
					],
					[
						-0.83928,
						52.06302,
						0
					],
					[
						-0.83924,
						52.06309,
						0
					],
					[
						-0.83942,
						52.06335,
						0
					],
					[
						-0.83942,
						52.06342,
						0
					],
					[
						-0.8392,
						52.06355,
						0
					],
					[
						-0.83904,
						52.06378,
						0
					],
					[
						-0.8389,
						52.06387,
						0
					],
					[
						-0.8386,
						52.06398,
						0
					],
					[
						-0.83841,
						52.06409,
						0
					],
					[
						-0.83791,
						52.06457,
						0
					],
					[
						-0.83761,
						52.06476,
						0
					],
					[
						-0.83705,
						52.06504,
						0
					],
					[
						-0.83684,
						52.06518,
						0
					],
					[
						-0.83654,
						52.06533,
						0
					],
					[
						-0.83632,
						52.06552,
						0
					],
					[
						-0.83613,
						52.06573,
						0
					],
					[
						-0.8354,
						52.06634,
						0
					],
					[
						-0.83513,
						52.06675,
						0
					],
					[
						-0.83505,
						52.06706,
						0
					],
					[
						-0.83471,
						52.06743,
						0
					],
					[
						-0.83423,
						52.06808,
						0
					],
					[
						-0.83402,
						52.0682,
						0
					],
					[
						-0.83364,
						52.06852,
						0
					],
					[
						-0.83363,
						52.06863,
						0
					],
					[
						-0.83344,
						52.06878,
						0
					],
					[
						-0.8333,
						52.06887,
						0
					],
					[
						-0.83319,
						52.06888,
						0
					],
					[
						-0.83315,
						52.06894,
						0
					],
					[
						-0.83288,
						52.06911,
						0
					],
					[
						-0.83266,
						52.06929,
						0
					],
					[
						-0.83247,
						52.06955,
						0
					],
					[
						-0.83233,
						52.06984,
						0
					],
					[
						-0.83233,
						52.07,
						0
					],
					[
						-0.83243,
						52.07022,
						0
					],
					[
						-0.83248,
						52.0706,
						0
					],
					[
						-0.83236,
						52.07076,
						0
					],
					[
						-0.83246,
						52.07099,
						0
					],
					[
						-0.83244,
						52.0711,
						0
					],
					[
						-0.83227,
						52.07124,
						0
					],
					[
						-0.83176,
						52.07162,
						0
					],
					[
						-0.83123,
						52.07187,
						0
					],
					[
						-0.83092,
						52.07195,
						0
					],
					[
						-0.83042,
						52.07203,
						0
					],
					[
						-0.82893,
						52.07216,
						0
					],
					[
						-0.8281,
						52.07208,
						0
					],
					[
						-0.82774,
						52.07215,
						0
					],
					[
						-0.82663,
						52.07248,
						0
					],
					[
						-0.82591,
						52.07267,
						0
					],
					[
						-0.82509,
						52.07282,
						0
					],
					[
						-0.82515,
						52.07293,
						0
					],
					[
						-0.82524,
						52.073,
						0
					],
					[
						-0.82458,
						52.07341,
						0
					],
					[
						-0.82407,
						52.07367,
						0
					],
					[
						-0.82363,
						52.07387,
						0
					],
					[
						-0.82332,
						52.07397,
						0
					],
					[
						-0.82305,
						52.07403,
						0
					],
					[
						-0.82268,
						52.07405,
						0
					],
					[
						-0.82247,
						52.074,
						0
					],
					[
						-0.82177,
						52.07394,
						0
					],
					[
						-0.82126,
						52.07387,
						0
					],
					[
						-0.82094,
						52.07387,
						0
					],
					[
						-0.82063,
						52.07392,
						0
					],
					[
						-0.82004,
						52.07408,
						0
					],
					[
						-0.8193,
						52.07404,
						0
					],
					[
						-0.81914,
						52.07399,
						0
					],
					[
						-0.81888,
						52.0739,
						0
					],
					[
						-0.81857,
						52.07384,
						0
					],
					[
						-0.81838,
						52.07385,
						0
					],
					[
						-0.81783,
						52.07395,
						0
					],
					[
						-0.81778,
						52.07395,
						0
					],
					[
						-0.81765,
						52.07391,
						0
					],
					[
						-0.81752,
						52.07378,
						0
					],
					[
						-0.81745,
						52.07355,
						0
					],
					[
						-0.81726,
						52.07316,
						0
					],
					[
						-0.81702,
						52.0729,
						0
					],
					[
						-0.81684,
						52.07282,
						0
					],
					[
						-0.81667,
						52.07279,
						0
					],
					[
						-0.81616,
						52.07281,
						0
					],
					[
						-0.8157,
						52.07287,
						0
					],
					[
						-0.81469,
						52.07278,
						0
					],
					[
						-0.81448,
						52.0727,
						0
					],
					[
						-0.81433,
						52.07267,
						0
					],
					[
						-0.81394,
						52.07263,
						0
					],
					[
						-0.81367,
						52.07258,
						0
					],
					[
						-0.81324,
						52.07235,
						0
					],
					[
						-0.81289,
						52.07218,
						0
					],
					[
						-0.81276,
						52.072,
						0
					],
					[
						-0.81263,
						52.07179,
						0
					],
					[
						-0.81211,
						52.07186,
						0
					],
					[
						-0.81175,
						52.07194,
						0
					],
					[
						-0.81118,
						52.07211,
						0
					],
					[
						-0.80998,
						52.07258,
						0
					],
					[
						-0.80958,
						52.07267,
						0
					],
					[
						-0.80895,
						52.07276,
						0
					],
					[
						-0.80845,
						52.07273,
						0
					],
					[
						-0.80825,
						52.07274,
						0
					],
					[
						-0.80809,
						52.07277,
						0
					],
					[
						-0.80777,
						52.07276,
						0
					],
					[
						-0.80703,
						52.07278,
						0
					],
					[
						-0.80566,
						52.07304,
						0
					],
					[
						-0.8053,
						52.07309,
						0
					],
					[
						-0.80456,
						52.0731,
						0
					],
					[
						-0.80421,
						52.07307,
						0
					],
					[
						-0.80386,
						52.07302,
						0
					],
					[
						-0.80363,
						52.07295,
						0
					],
					[
						-0.80324,
						52.07276,
						0
					],
					[
						-0.80308,
						52.07266,
						0
					],
					[
						-0.80301,
						52.07258,
						0
					],
					[
						-0.803,
						52.07251,
						0
					],
					[
						-0.80287,
						52.07243,
						0
					],
					[
						-0.80269,
						52.07227,
						0
					],
					[
						-0.80128,
						52.07056,
						0
					],
					[
						-0.80111,
						52.07039,
						0
					],
					[
						-0.80089,
						52.07006,
						0
					],
					[
						-0.80083,
						52.06986,
						0
					],
					[
						-0.80082,
						52.06974,
						0
					],
					[
						-0.80078,
						52.06965,
						0
					],
					[
						-0.80072,
						52.06959,
						0
					],
					[
						-0.80058,
						52.06947,
						0
					],
					[
						-0.80036,
						52.06936,
						0
					],
					[
						-0.80003,
						52.06925,
						0
					],
					[
						-0.7999,
						52.06918,
						0
					],
					[
						-0.79969,
						52.06902,
						0
					],
					[
						-0.79949,
						52.06878,
						0
					],
					[
						-0.79931,
						52.06866,
						0
					],
					[
						-0.79895,
						52.06846,
						0
					],
					[
						-0.79849,
						52.06826,
						0
					],
					[
						-0.79833,
						52.06816,
						0
					],
					[
						-0.79816,
						52.06801,
						0
					],
					[
						-0.79815,
						52.06794,
						0
					],
					[
						-0.79819,
						52.06783,
						0
					],
					[
						-0.79829,
						52.06769,
						0
					],
					[
						-0.79853,
						52.06744,
						0
					],
					[
						-0.79852,
						52.06732,
						0
					],
					[
						-0.79848,
						52.06721,
						0
					],
					[
						-0.79832,
						52.06704,
						0
					],
					[
						-0.79826,
						52.06694,
						0
					],
					[
						-0.79825,
						52.06685,
						0
					],
					[
						-0.79828,
						52.06676,
						0
					],
					[
						-0.79876,
						52.06658,
						0
					],
					[
						-0.79896,
						52.0664,
						0
					],
					[
						-0.7994,
						52.06617,
						0
					],
					[
						-0.79982,
						52.06602,
						0
					],
					[
						-0.80011,
						52.06596,
						0
					],
					[
						-0.80027,
						52.06575,
						0
					],
					[
						-0.79968,
						52.0656,
						0
					],
					[
						-0.79969,
						52.06546,
						0
					],
					[
						-0.79944,
						52.06526,
						0
					],
					[
						-0.79917,
						52.06509,
						0
					],
					[
						-0.79866,
						52.06484,
						0
					],
					[
						-0.79851,
						52.06479,
						0
					],
					[
						-0.79885,
						52.0643,
						0
					],
					[
						-0.79782,
						52.06363,
						0
					],
					[
						-0.79743,
						52.06344,
						0
					],
					[
						-0.79703,
						52.06339,
						0
					],
					[
						-0.79627,
						52.06305,
						0
					],
					[
						-0.7961,
						52.06301,
						0
					],
					[
						-0.79578,
						52.06299,
						0
					],
					[
						-0.79549,
						52.06301,
						0
					],
					[
						-0.79533,
						52.06304,
						0
					],
					[
						-0.79517,
						52.06297,
						0
					],
					[
						-0.79494,
						52.06279,
						0
					],
					[
						-0.79474,
						52.06273,
						0
					],
					[
						-0.7946,
						52.06266,
						0
					],
					[
						-0.794,
						52.06233,
						0
					],
					[
						-0.79307,
						52.06204,
						0
					],
					[
						-0.79286,
						52.06212,
						0
					],
					[
						-0.79261,
						52.06216,
						0
					],
					[
						-0.79186,
						52.06237,
						0
					],
					[
						-0.79184,
						52.0624,
						0
					],
					[
						-0.79149,
						52.06252,
						0
					],
					[
						-0.79133,
						52.06279,
						0
					],
					[
						-0.79111,
						52.06303,
						0
					],
					[
						-0.79099,
						52.06312,
						0
					],
					[
						-0.79048,
						52.06335,
						0
					],
					[
						-0.78917,
						52.06389,
						0
					],
					[
						-0.78873,
						52.06409,
						0
					],
					[
						-0.78862,
						52.06412,
						0
					],
					[
						-0.78851,
						52.06412,
						0
					],
					[
						-0.78791,
						52.06437,
						0
					],
					[
						-0.7871,
						52.06461,
						0
					],
					[
						-0.78635,
						52.06473,
						0
					],
					[
						-0.78496,
						52.06485,
						0
					],
					[
						-0.78449,
						52.06497,
						0
					],
					[
						-0.78425,
						52.06507,
						0
					],
					[
						-0.78381,
						52.06528,
						0
					],
					[
						-0.78184,
						52.06636,
						0
					],
					[
						-0.78149,
						52.06658,
						0
					],
					[
						-0.78049,
						52.06744,
						0
					],
					[
						-0.78047,
						52.06756,
						0
					],
					[
						-0.78052,
						52.06784,
						0
					],
					[
						-0.7805,
						52.06828,
						0
					],
					[
						-0.78019,
						52.06936,
						0
					],
					[
						-0.7802,
						52.07014,
						0
					],
					[
						-0.78024,
						52.07047,
						0
					],
					[
						-0.78038,
						52.0707,
						0
					],
					[
						-0.78102,
						52.07143,
						0
					],
					[
						-0.78128,
						52.07177,
						0
					],
					[
						-0.78174,
						52.07272,
						0
					],
					[
						-0.78202,
						52.07303,
						0
					],
					[
						-0.78217,
						52.07325,
						0
					],
					[
						-0.78222,
						52.07344,
						0
					],
					[
						-0.78222,
						52.07353,
						0
					],
					[
						-0.78217,
						52.07372,
						0
					],
					[
						-0.7821,
						52.07382,
						0
					],
					[
						-0.78216,
						52.07396,
						0
					],
					[
						-0.78221,
						52.07407,
						0
					],
					[
						-0.78235,
						52.07505,
						0
					],
					[
						-0.78239,
						52.07582,
						0
					],
					[
						-0.78236,
						52.0765,
						0
					],
					[
						-0.78172,
						52.0765,
						0
					],
					[
						-0.78173,
						52.07676,
						0
					],
					[
						-0.78177,
						52.07688,
						0
					],
					[
						-0.7819,
						52.07693,
						0
					],
					[
						-0.78216,
						52.07712,
						0
					],
					[
						-0.78242,
						52.0774,
						0
					],
					[
						-0.78285,
						52.07801,
						0
					],
					[
						-0.7836,
						52.0797,
						0
					],
					[
						-0.7836,
						52.07985,
						0
					],
					[
						-0.78355,
						52.07999,
						0
					],
					[
						-0.78293,
						52.08083,
						0
					],
					[
						-0.78284,
						52.08098,
						0
					],
					[
						-0.78271,
						52.0811,
						0
					],
					[
						-0.77973,
						52.08252,
						0
					],
					[
						-0.77858,
						52.08304,
						0
					],
					[
						-0.77803,
						52.08318,
						0
					],
					[
						-0.77776,
						52.08317,
						0
					],
					[
						-0.77766,
						52.08318,
						0
					],
					[
						-0.77762,
						52.08322,
						0
					],
					[
						-0.77759,
						52.08341,
						0
					],
					[
						-0.77812,
						52.08418,
						0
					],
					[
						-0.77832,
						52.0843,
						0
					],
					[
						-0.77876,
						52.08452,
						0
					],
					[
						-0.77933,
						52.08466,
						0
					],
					[
						-0.78075,
						52.08516,
						0
					],
					[
						-0.78082,
						52.08521,
						0
					],
					[
						-0.77907,
						52.08629,
						0
					],
					[
						-0.77844,
						52.08685,
						0
					],
					[
						-0.77824,
						52.08694,
						0
					],
					[
						-0.77795,
						52.08701,
						0
					],
					[
						-0.77763,
						52.08701,
						0
					],
					[
						-0.77712,
						52.08708,
						0
					],
					[
						-0.77702,
						52.08712,
						0
					],
					[
						-0.77694,
						52.08718,
						0
					],
					[
						-0.77681,
						52.08739,
						0
					],
					[
						-0.77677,
						52.08838,
						0
					],
					[
						-0.77669,
						52.08865,
						0
					],
					[
						-0.77654,
						52.08901,
						0
					],
					[
						-0.77632,
						52.08929,
						0
					],
					[
						-0.77624,
						52.08934,
						0
					],
					[
						-0.77595,
						52.08956,
						0
					],
					[
						-0.77447,
						52.09043,
						0
					],
					[
						-0.77388,
						52.09072,
						0
					],
					[
						-0.77272,
						52.09095,
						0
					],
					[
						-0.77215,
						52.09111,
						0
					],
					[
						-0.77145,
						52.09137,
						0
					],
					[
						-0.77068,
						52.09183,
						0
					],
					[
						-0.76917,
						52.09245,
						0
					],
					[
						-0.76744,
						52.09371,
						0
					],
					[
						-0.76724,
						52.09388,
						0
					],
					[
						-0.76706,
						52.09386,
						0
					],
					[
						-0.76327,
						52.09439,
						0
					],
					[
						-0.76098,
						52.09543,
						0
					],
					[
						-0.76037,
						52.09567,
						0
					],
					[
						-0.75879,
						52.09683,
						0
					],
					[
						-0.75761,
						52.09732,
						0
					],
					[
						-0.75594,
						52.0978,
						0
					],
					[
						-0.75568,
						52.09807,
						0
					],
					[
						-0.75546,
						52.0982,
						0
					],
					[
						-0.75525,
						52.09834,
						0
					],
					[
						-0.75519,
						52.09835,
						0
					],
					[
						-0.75503,
						52.0983,
						0
					],
					[
						-0.75456,
						52.09805,
						0
					],
					[
						-0.75419,
						52.09791,
						0
					],
					[
						-0.75412,
						52.09783,
						0
					],
					[
						-0.75408,
						52.09744,
						0
					],
					[
						-0.75403,
						52.09735,
						0
					],
					[
						-0.75347,
						52.09664,
						0
					],
					[
						-0.7519,
						52.09628,
						0
					],
					[
						-0.75183,
						52.09616,
						0
					],
					[
						-0.75154,
						52.09628,
						0
					],
					[
						-0.75106,
						52.09662,
						0
					],
					[
						-0.75012,
						52.09676,
						0
					],
					[
						-0.74939,
						52.09634,
						0
					],
					[
						-0.74749,
						52.09476,
						0
					],
					[
						-0.74584,
						52.09383,
						0
					],
					[
						-0.7438,
						52.09286,
						0
					],
					[
						-0.74146,
						52.09212,
						0
					],
					[
						-0.73976,
						52.09162,
						0
					],
					[
						-0.73961,
						52.09158,
						0
					],
					[
						-0.73949,
						52.09151,
						0
					],
					[
						-0.73943,
						52.09142,
						0
					],
					[
						-0.73937,
						52.09124,
						0
					],
					[
						-0.7391,
						52.09123,
						0
					],
					[
						-0.73881,
						52.09125,
						0
					],
					[
						-0.73878,
						52.09132,
						0
					],
					[
						-0.73743,
						52.09216,
						0
					],
					[
						-0.73349,
						52.0939,
						0
					],
					[
						-0.73152,
						52.09443,
						0
					],
					[
						-0.73116,
						52.09444,
						0
					],
					[
						-0.73079,
						52.09446,
						0
					],
					[
						-0.72993,
						52.09408,
						0
					],
					[
						-0.72974,
						52.09403,
						0
					],
					[
						-0.72938,
						52.09386,
						0
					],
					[
						-0.72885,
						52.09353,
						0
					],
					[
						-0.72717,
						52.09217,
						0
					],
					[
						-0.72631,
						52.09142,
						0
					],
					[
						-0.72609,
						52.0911,
						0
					],
					[
						-0.72588,
						52.09042,
						0
					],
					[
						-0.72558,
						52.09006,
						0
					],
					[
						-0.7251,
						52.08965,
						0
					],
					[
						-0.72499,
						52.08923,
						0
					],
					[
						-0.72464,
						52.08895,
						0
					],
					[
						-0.72432,
						52.08878,
						0
					],
					[
						-0.72351,
						52.08852,
						0
					]
				]
			},
			"properties": {
				"name": "Stony Stratford to Newport Pagnell",
                "distance": 16.5,
                "link": "/walks/3-stony-stratford-to-newport-pagnell-165-km.html",
                "image": "/assets/images/1/Stony%20Stratford%20Great%20Ouse%20path.jpg",
				"description": "Crossing Milton Keynes is a chance to see how tricky questions of development have been tackled and decide for yourself if they got it right.",
				"stroke": "#f57c00",
				"stroke-opacity": 1,
				"strokewidth": 4
			}
		},
		{
			"type": "Feature",
			"geometry": {
				"type": "LineString",
				"coordinates": [
					[
						-0.72267,
						52.08693,
						0
					],
					[
						-0.7227,
						52.087,
						0
					],
					[
						-0.72259,
						52.08743,
						0
					],
					[
						-0.72263,
						52.08758,
						0
					],
					[
						-0.72226,
						52.08767,
						0
					],
					[
						-0.72106,
						52.08789,
						0
					],
					[
						-0.72094,
						52.08794,
						0
					],
					[
						-0.72082,
						52.08796,
						0
					],
					[
						-0.7203,
						52.0879,
						0
					],
					[
						-0.71979,
						52.09024,
						0
					],
					[
						-0.71976,
						52.09054,
						0
					],
					[
						-0.71978,
						52.09068,
						0
					],
					[
						-0.7196,
						52.09086,
						0
					],
					[
						-0.71943,
						52.09095,
						0
					],
					[
						-0.71842,
						52.09124,
						0
					],
					[
						-0.71823,
						52.09131,
						0
					],
					[
						-0.7179,
						52.09153,
						0
					],
					[
						-0.71766,
						52.09186,
						0
					],
					[
						-0.71652,
						52.09371,
						0
					],
					[
						-0.71615,
						52.09416,
						0
					],
					[
						-0.71556,
						52.09478,
						0
					],
					[
						-0.71519,
						52.09531,
						0
					],
					[
						-0.71506,
						52.09547,
						0
					],
					[
						-0.71331,
						52.09691,
						0
					],
					[
						-0.71289,
						52.0973,
						0
					],
					[
						-0.71003,
						52.10017,
						0
					],
					[
						-0.7102,
						52.10024,
						0
					],
					[
						-0.71027,
						52.10043,
						0
					],
					[
						-0.7106,
						52.10137,
						0
					],
					[
						-0.71092,
						52.10167,
						0
					],
					[
						-0.71089,
						52.10175,
						0
					],
					[
						-0.70914,
						52.10369,
						0
					],
					[
						-0.70901,
						52.10404,
						0
					],
					[
						-0.70707,
						52.10672,
						0
					],
					[
						-0.70673,
						52.10681,
						0
					],
					[
						-0.70629,
						52.10725,
						0
					],
					[
						-0.70524,
						52.10812,
						0
					],
					[
						-0.70523,
						52.10816,
						0
					],
					[
						-0.70498,
						52.10839,
						0
					],
					[
						-0.70478,
						52.10854,
						0
					],
					[
						-0.70505,
						52.10882,
						0
					],
					[
						-0.70527,
						52.10919,
						0
					],
					[
						-0.7064,
						52.10892,
						0
					],
					[
						-0.70703,
						52.10881,
						0
					],
					[
						-0.70778,
						52.10858,
						0
					],
					[
						-0.7092,
						52.10834,
						0
					],
					[
						-0.70995,
						52.10828,
						0
					],
					[
						-0.71052,
						52.10827,
						0
					],
					[
						-0.71087,
						52.10831,
						0
					],
					[
						-0.7115,
						52.10846,
						0
					],
					[
						-0.71442,
						52.10897,
						0
					],
					[
						-0.71542,
						52.10913,
						0
					],
					[
						-0.71632,
						52.10924,
						0
					],
					[
						-0.71694,
						52.1092,
						0
					],
					[
						-0.71736,
						52.10913,
						0
					],
					[
						-0.71743,
						52.10911,
						0
					],
					[
						-0.71749,
						52.10907,
						0
					],
					[
						-0.71751,
						52.109,
						0
					],
					[
						-0.7177,
						52.10894,
						0
					],
					[
						-0.71924,
						52.1087,
						0
					],
					[
						-0.72059,
						52.10911,
						0
					],
					[
						-0.72253,
						52.10968,
						0
					],
					[
						-0.72681,
						52.11078,
						0
					],
					[
						-0.72818,
						52.11104,
						0
					],
					[
						-0.72891,
						52.11151,
						0
					],
					[
						-0.72929,
						52.1116,
						0
					],
					[
						-0.72973,
						52.1116,
						0
					],
					[
						-0.73023,
						52.11151,
						0
					],
					[
						-0.732,
						52.11154,
						0
					],
					[
						-0.73251,
						52.11164,
						0
					],
					[
						-0.73292,
						52.11163,
						0
					],
					[
						-0.73351,
						52.1115,
						0
					],
					[
						-0.73427,
						52.11148,
						0
					],
					[
						-0.74187,
						52.11257,
						0
					],
					[
						-0.74355,
						52.11291,
						0
					],
					[
						-0.74617,
						52.11336,
						0
					],
					[
						-0.74615,
						52.11338,
						0
					],
					[
						-0.74579,
						52.11411,
						0
					],
					[
						-0.74548,
						52.11458,
						0
					],
					[
						-0.74503,
						52.11453,
						0
					],
					[
						-0.74458,
						52.11447,
						0
					],
					[
						-0.74423,
						52.11447,
						0
					],
					[
						-0.74343,
						52.11453,
						0
					],
					[
						-0.74312,
						52.11453,
						0
					],
					[
						-0.73993,
						52.11425,
						0
					],
					[
						-0.73932,
						52.11422,
						0
					],
					[
						-0.73775,
						52.11418,
						0
					],
					[
						-0.73665,
						52.11416,
						0
					],
					[
						-0.73665,
						52.11424,
						0
					],
					[
						-0.73642,
						52.11432,
						0
					],
					[
						-0.73642,
						52.11443,
						0
					],
					[
						-0.73652,
						52.11451,
						0
					],
					[
						-0.73655,
						52.11464,
						0
					],
					[
						-0.73648,
						52.11484,
						0
					],
					[
						-0.73638,
						52.11495,
						0
					],
					[
						-0.73633,
						52.11526,
						0
					],
					[
						-0.73637,
						52.11551,
						0
					],
					[
						-0.73627,
						52.11612,
						0
					],
					[
						-0.73476,
						52.11641,
						0
					],
					[
						-0.73359,
						52.11663,
						0
					],
					[
						-0.73202,
						52.11743,
						0
					],
					[
						-0.73149,
						52.11765,
						0
					],
					[
						-0.72939,
						52.11841,
						0
					],
					[
						-0.7265,
						52.11671,
						0
					],
					[
						-0.72624,
						52.11659,
						0
					],
					[
						-0.72594,
						52.11682,
						0
					],
					[
						-0.72552,
						52.11727,
						0
					],
					[
						-0.7254,
						52.11741,
						0
					],
					[
						-0.72516,
						52.1178,
						0
					],
					[
						-0.72483,
						52.1181,
						0
					],
					[
						-0.72293,
						52.11941,
						0
					],
					[
						-0.72013,
						52.1213,
						0
					],
					[
						-0.71887,
						52.12217,
						0
					],
					[
						-0.71866,
						52.12225,
						0
					],
					[
						-0.7184,
						52.12213,
						0
					],
					[
						-0.71821,
						52.12216,
						0
					],
					[
						-0.71791,
						52.12229,
						0
					],
					[
						-0.71773,
						52.12233,
						0
					],
					[
						-0.71743,
						52.12235,
						0
					],
					[
						-0.71591,
						52.1223,
						0
					],
					[
						-0.71585,
						52.12278,
						0
					],
					[
						-0.71555,
						52.12525,
						0
					],
					[
						-0.71599,
						52.12524,
						0
					],
					[
						-0.71658,
						52.12532,
						0
					],
					[
						-0.71678,
						52.12537,
						0
					],
					[
						-0.71717,
						52.12553,
						0
					],
					[
						-0.71735,
						52.12558,
						0
					],
					[
						-0.71767,
						52.12564,
						0
					],
					[
						-0.7181,
						52.12569,
						0
					],
					[
						-0.71768,
						52.12649,
						0
					],
					[
						-0.71773,
						52.1265,
						0
					],
					[
						-0.71755,
						52.12686,
						0
					],
					[
						-0.7175,
						52.12692,
						0
					],
					[
						-0.71733,
						52.12731,
						0
					],
					[
						-0.71752,
						52.12751,
						0
					],
					[
						-0.71824,
						52.12805,
						0
					],
					[
						-0.71832,
						52.12825,
						0
					],
					[
						-0.71831,
						52.12844,
						0
					],
					[
						-0.71798,
						52.12924,
						0
					],
					[
						-0.7178,
						52.12958,
						0
					],
					[
						-0.7176,
						52.13008,
						0
					],
					[
						-0.71734,
						52.13134,
						0
					],
					[
						-0.71732,
						52.13154,
						0
					],
					[
						-0.71752,
						52.13252,
						0
					],
					[
						-0.71771,
						52.13291,
						0
					],
					[
						-0.7178,
						52.13335,
						0
					],
					[
						-0.7179,
						52.13355,
						0
					],
					[
						-0.71815,
						52.13389,
						0
					],
					[
						-0.7185,
						52.13415,
						0
					],
					[
						-0.71875,
						52.13443,
						0
					],
					[
						-0.71907,
						52.13486,
						0
					],
					[
						-0.71927,
						52.13525,
						0
					],
					[
						-0.71952,
						52.13562,
						0
					],
					[
						-0.71962,
						52.1357,
						0
					],
					[
						-0.7197,
						52.1356,
						0
					],
					[
						-0.72004,
						52.13519,
						0
					],
					[
						-0.72016,
						52.13492,
						0
					],
					[
						-0.72083,
						52.13398,
						0
					],
					[
						-0.72094,
						52.13394,
						0
					],
					[
						-0.72108,
						52.13393,
						0
					],
					[
						-0.72341,
						52.13403,
						0
					],
					[
						-0.7236900000000001,
						52.13407,
						0
					],
					[
						-0.72382,
						52.13407,
						0
					],
					[
						-0.72396,
						52.13404,
						0
					],
					[
						-0.72394,
						52.13407,
						0
					],
					[
						-0.72365,
						52.13445,
						0
					],
					[
						-0.72308,
						52.1358,
						0
					],
					[
						-0.72235,
						52.13739,
						0
					],
					[
						-0.72224,
						52.13784,
						0
					],
					[
						-0.72196,
						52.13837,
						0
					],
					[
						-0.72189,
						52.1386,
						0
					],
					[
						-0.72057,
						52.14024,
						0
					],
					[
						-0.71836,
						52.14164,
						0
					],
					[
						-0.71799,
						52.14189,
						0
					],
					[
						-0.7178,
						52.14194,
						0
					],
					[
						-0.71754,
						52.14195,
						0
					],
					[
						-0.7173,
						52.14199,
						0
					],
					[
						-0.71725,
						52.14204,
						0
					],
					[
						-0.71726,
						52.14211,
						0
					],
					[
						-0.71746,
						52.14236,
						0
					],
					[
						-0.71708,
						52.14248,
						0
					],
					[
						-0.71703,
						52.14255,
						0
					],
					[
						-0.71725,
						52.14278,
						0
					],
					[
						-0.71734,
						52.14293,
						0
					],
					[
						-0.7173,
						52.14309,
						0
					],
					[
						-0.71721,
						52.14324,
						0
					],
					[
						-0.71721,
						52.1433,
						0
					],
					[
						-0.71706,
						52.14358,
						0
					],
					[
						-0.71682,
						52.14379,
						0
					],
					[
						-0.71668,
						52.14397,
						0
					],
					[
						-0.71636,
						52.14412,
						0
					],
					[
						-0.71588,
						52.14429,
						0
					],
					[
						-0.71523,
						52.14437,
						0
					],
					[
						-0.71522,
						52.14445,
						0
					],
					[
						-0.71526,
						52.14457,
						0
					],
					[
						-0.71525,
						52.14466,
						0
					],
					[
						-0.7149,
						52.14479,
						0
					],
					[
						-0.71468,
						52.14493,
						0
					],
					[
						-0.71441,
						52.14499,
						0
					],
					[
						-0.71422,
						52.14498,
						0
					],
					[
						-0.71402,
						52.14493,
						0
					],
					[
						-0.71392,
						52.14488,
						0
					],
					[
						-0.71377,
						52.14484,
						0
					],
					[
						-0.71351,
						52.14483,
						0
					],
					[
						-0.71331,
						52.14485,
						0
					],
					[
						-0.71309,
						52.14493,
						0
					],
					[
						-0.71297,
						52.145,
						0
					],
					[
						-0.7126,
						52.14531,
						0
					],
					[
						-0.71242,
						52.14538,
						0
					],
					[
						-0.71208,
						52.14546,
						0
					],
					[
						-0.7118,
						52.14548,
						0
					],
					[
						-0.71117,
						52.14535,
						0
					],
					[
						-0.7107,
						52.14533,
						0
					],
					[
						-0.71031,
						52.14543,
						0
					],
					[
						-0.70974,
						52.14555,
						0
					],
					[
						-0.70959,
						52.14561,
						0
					],
					[
						-0.70949,
						52.1457,
						0
					],
					[
						-0.70947,
						52.14581,
						0
					],
					[
						-0.70952,
						52.14607,
						0
					],
					[
						-0.7095,
						52.14619,
						0
					],
					[
						-0.70944,
						52.14634,
						0
					],
					[
						-0.70913,
						52.14685,
						0
					],
					[
						-0.70885,
						52.14724,
						0
					],
					[
						-0.70854,
						52.14754,
						0
					],
					[
						-0.70845,
						52.1476,
						0
					],
					[
						-0.70827,
						52.14768,
						0
					],
					[
						-0.70772,
						52.14782,
						0
					],
					[
						-0.70751,
						52.14791,
						0
					],
					[
						-0.70714,
						52.14812,
						0
					],
					[
						-0.70682,
						52.14825,
						0
					],
					[
						-0.70651,
						52.1483,
						0
					],
					[
						-0.70568,
						52.14833,
						0
					],
					[
						-0.70517,
						52.14829,
						0
					],
					[
						-0.70495,
						52.14825,
						0
					],
					[
						-0.70449,
						52.14837,
						0
					],
					[
						-0.7042,
						52.14853,
						0
					],
					[
						-0.70386,
						52.14861,
						0
					],
					[
						-0.70367,
						52.14878,
						0
					],
					[
						-0.7032,
						52.14935,
						0
					],
					[
						-0.70323,
						52.14938,
						0
					],
					[
						-0.70291,
						52.14974,
						0
					],
					[
						-0.7022,
						52.15049,
						0
					],
					[
						-0.70216,
						52.15047,
						0
					],
					[
						-0.70178,
						52.15092,
						0
					],
					[
						-0.70168,
						52.15117,
						0
					],
					[
						-0.70169,
						52.15122,
						0
					],
					[
						-0.70159,
						52.15122,
						0
					],
					[
						-0.7012,
						52.15114,
						0
					],
					[
						-0.70096,
						52.15121,
						0
					],
					[
						-0.70089,
						52.15131,
						0
					],
					[
						-0.70087,
						52.15142,
						0
					],
					[
						-0.70079,
						52.15152,
						0
					],
					[
						-0.70076,
						52.1516,
						0
					],
					[
						-0.70076,
						52.15169,
						0
					],
					[
						-0.70085,
						52.15181,
						0
					],
					[
						-0.70103,
						52.15187,
						0
					],
					[
						-0.70111,
						52.15188,
						0
					],
					[
						-0.70118,
						52.15191,
						0
					],
					[
						-0.70127,
						52.15185,
						0
					],
					[
						-0.7015,
						52.15185,
						0
					]
				]
			},
			"properties": {
				"name": "Newport Pagnell to Olney",
                "distance": 14,
                "link": "/walks/4-newport-pagnell-to-olney-14-km.html",
                "image": "/assets/images/1/Great%20Ouse%20at%20Newport%20Pagnell.jpg",
				"description": "Head from the home of Aston Martin to the town of Amazing Grace",
				"stroke": "#f57c00",
				"stroke-opacity": 1,
				"strokewidth": 4
			}
		},
		{
			"type": "Feature",
			"geometry": {
				"type": "LineString",
				"coordinates":           [[-0.78221,52.07407,0],[
          -0.78028,52.07426,0],[
          -0.7785,52.07393,0],[
          -0.7752204,52.074292,0],[
          -0.77031,52.0741,0],[
          -0.7674379,52.0731996,0],[
          -0.7677,52.07304,0],[
          -0.76551,52.07222,0],[
          -0.76402,52.07233,0],[
          -0.76308,52.07276,0],[
          -0.7599,52.07297,0],[
          -0.75861,52.07249,0],[
          -0.75829,52.0716,0],[
          -0.7557221,52.0720823,0],[
          -0.75427,52.07267,0],[
          -0.754,52.07261,0],[
          -0.74948,52.07343,0],[
          -0.7476775,52.0733274,0],[
          -0.74639,52.07275,0],[
          -0.7452906,52.0731735,0],[
          -0.73891,52.07421,0],[
          -0.7377092,52.0761603,0],[
          -0.73668,52.07695,0],[
          -0.73486,52.07697,0],[
          -0.73486,52.07737,0],[
          -0.73313,52.07755,0],[
          -0.73327,52.07815,0],[
          -0.7326409,52.0786925,0],[
          -0.7310011,52.0795182,0],[
          -0.73266,52.08185,0],[
          -0.7319,52.08245,0],[
          -0.73246,52.08276,0],[
          -0.73263,52.08294,0],[
          -0.73038,52.08361,0],[
          -0.72993,52.08346,0],[
          -0.72881,52.08373,0],[
          -0.72723,52.08462,0],[
          -0.7260775,52.085736,0],[
          -0.72544,52.08614,0],[
          -0.72375,52.08657,0],[
          -0.72336,52.08732,0],[
          -0.72259,52.08743,0]]
			},
			"properties": {
				"name": "Stony Newport alternative route",
                "distance": 15.5,
                "link": "/walks/4-newport-pagnell-to-olney-14-km.html",
                "image": "/assets/images/1/Great%20Ouse%20at%20Newport%20Pagnell.jpg",
				"description": "Spend more time on the canals and paths through Milton Keynes",
				"stroke": "#6d69699a",
				"stroke-opacity": 1,
				"strokewidth": 3
			}
		},
		{
			"type": "Feature",
			"geometry": {
				"type": "LineString",
				"coordinates": [
					[
						-0.7015,
						52.15185,
						0
					],
					[
						-0.70127,
						52.15185,
						0
					],
					[
						-0.70118,
						52.15191,
						0
					],
					[
						-0.70111,
						52.15188,
						0
					],
					[
						-0.70103,
						52.15187,
						0
					],
					[
						-0.70085,
						52.15181,
						0
					],
					[
						-0.70076,
						52.15169,
						0
					],
					[
						-0.70076,
						52.1516,
						0
					],
					[
						-0.70079,
						52.15152,
						0
					],
					[
						-0.70087,
						52.15142,
						0
					],
					[
						-0.70089,
						52.15131,
						0
					],
					[
						-0.70096,
						52.15121,
						0
					],
					[
						-0.7012,
						52.15114,
						0
					],
					[
						-0.70056,
						52.15094,
						0
					],
					[
						-0.70049,
						52.15088,
						0
					],
					[
						-0.70028,
						52.15093,
						0
					],
					[
						-0.69889,
						52.15084,
						0
					],
					[
						-0.69815,
						52.1509,
						0
					],
					[
						-0.69804,
						52.15051,
						0
					],
					[
						-0.69793,
						52.15027,
						0
					],
					[
						-0.69775,
						52.15012,
						0
					],
					[
						-0.69752,
						52.14989,
						0
					],
					[
						-0.69712,
						52.14937,
						0
					],
					[
						-0.69664,
						52.14881,
						0
					],
					[
						-0.69664,
						52.14871,
						0
					],
					[
						-0.69643,
						52.14867,
						0
					],
					[
						-0.69603,
						52.14856,
						0
					],
					[
						-0.69477,
						52.14825,
						0
					],
					[
						-0.69391,
						52.14793,
						0
					],
					[
						-0.69221,
						52.14799,
						0
					],
					[
						-0.6911,
						52.148,
						0
					],
					[
						-0.69104,
						52.14799,
						0
					],
					[
						-0.69105,
						52.14803,
						0
					],
					[
						-0.69103,
						52.14807,
						0
					],
					[
						-0.69105,
						52.14812,
						0
					],
					[
						-0.69103,
						52.14807,
						0
					],
					[
						-0.69105,
						52.14803,
						0
					],
					[
						-0.69104,
						52.14799,
						0
					],
					[
						-0.69063,
						52.148,
						0
					],
					[
						-0.69051,
						52.14844,
						0
					],
					[
						-0.69044,
						52.14851,
						0
					],
					[
						-0.69013,
						52.14849,
						0
					],
					[
						-0.68997,
						52.14876,
						0
					],
					[
						-0.68981,
						52.14888,
						0
					],
					[
						-0.68961,
						52.14899,
						0
					],
					[
						-0.68945,
						52.14922,
						0
					],
					[
						-0.68901,
						52.14949,
						0
					],
					[
						-0.6886,
						52.14984,
						0
					],
					[
						-0.68855,
						52.14996,
						0
					],
					[
						-0.68839,
						52.15009,
						0
					],
					[
						-0.68828,
						52.15015,
						0
					],
					[
						-0.68815,
						52.1502,
						0
					],
					[
						-0.68781,
						52.15026,
						0
					],
					[
						-0.68721,
						52.15028,
						0
					],
					[
						-0.68629,
						52.15038,
						0
					],
					[
						-0.68576,
						52.15051,
						0
					],
					[
						-0.6838,
						52.15126,
						0
					],
					[
						-0.68271,
						52.15242,
						0
					],
					[
						-0.68211,
						52.15235,
						0
					],
					[
						-0.68133,
						52.15261,
						0
					],
					[
						-0.6805,
						52.15285,
						0
					],
					[
						-0.68003,
						52.15303,
						0
					],
					[
						-0.67888,
						52.15335,
						0
					],
					[
						-0.67858,
						52.15338,
						0
					],
					[
						-0.67836,
						52.15338,
						0
					],
					[
						-0.67741,
						52.15325,
						0
					],
					[
						-0.67713,
						52.15326,
						0
					],
					[
						-0.67704,
						52.15329,
						0
					],
					[
						-0.67702,
						52.15332,
						0
					],
					[
						-0.67705,
						52.15341,
						0
					],
					[
						-0.67308,
						52.15225,
						0
					],
					[
						-0.67126,
						52.15172,
						0
					],
					[
						-0.67093,
						52.15165,
						0
					],
					[
						-0.67084,
						52.15173,
						0
					],
					[
						-0.67046,
						52.15183,
						0
					],
					[
						-0.67003,
						52.1519,
						0
					],
					[
						-0.66957,
						52.15195,
						0
					],
					[
						-0.66911,
						52.15202,
						0
					],
					[
						-0.66836,
						52.15219,
						0
					],
					[
						-0.66803,
						52.15228,
						0
					],
					[
						-0.66571,
						52.15267,
						0
					],
					[
						-0.66507,
						52.15279,
						0
					],
					[
						-0.66431,
						52.15285,
						0
					],
					[
						-0.66399,
						52.15292,
						0
					],
					[
						-0.66204,
						52.15353,
						0
					],
					[
						-0.66132,
						52.15359,
						0
					],
					[
						-0.65956,
						52.15365,
						0
					],
					[
						-0.65876,
						52.15358,
						0
					],
					[
						-0.65845,
						52.15361,
						0
					],
					[
						-0.65733,
						52.15366,
						0
					],
					[
						-0.65518,
						52.15423,
						0
					],
					[
						-0.65469,
						52.15425,
						0
					],
					[
						-0.65312,
						52.15416,
						0
					],
					[
						-0.65199,
						52.15399,
						0
					],
					[
						-0.65051,
						52.15365,
						0
					],
					[
						-0.64986,
						52.15354,
						0
					],
					[
						-0.64941,
						52.15349,
						0
					],
					[
						-0.64909,
						52.15351,
						0
					],
					[
						-0.64899,
						52.15353,
						0
					],
					[
						-0.64886,
						52.1536,
						0
					],
					[
						-0.64865,
						52.15381,
						0
					],
					[
						-0.64865,
						52.15388,
						0
					],
					[
						-0.64855,
						52.15408,
						0
					],
					[
						-0.64857,
						52.15427,
						0
					],
					[
						-0.64855,
						52.15435,
						0
					],
					[
						-0.64844,
						52.15449,
						0
					],
					[
						-0.64855,
						52.15435,
						0
					],
					[
						-0.64857,
						52.15427,
						0
					],
					[
						-0.64861,
						52.1544,
						0
					],
					[
						-0.64858,
						52.15475,
						0
					],
					[
						-0.64853,
						52.15485,
						0
					],
					[
						-0.64832,
						52.15513,
						0
					],
					[
						-0.648,
						52.15544,
						0
					],
					[
						-0.64785,
						52.15563,
						0
					],
					[
						-0.64786,
						52.15596,
						0
					],
					[
						-0.64774,
						52.15611,
						0
					],
					[
						-0.64733,
						52.15645,
						0
					],
					[
						-0.64722,
						52.15677,
						0
					],
					[
						-0.6471,
						52.15681,
						0
					],
					[
						-0.64659,
						52.15693,
						0
					],
					[
						-0.6464,
						52.15686,
						0
					],
					[
						-0.64448,
						52.15786,
						0
					],
					[
						-0.64328,
						52.15835,
						0
					],
					[
						-0.64194,
						52.15886,
						0
					],
					[
						-0.64106,
						52.15916,
						0
					],
					[
						-0.64055,
						52.15942,
						0
					],
					[
						-0.63954,
						52.15998,
						0
					],
					[
						-0.63868,
						52.1604,
						0
					],
					[
						-0.63833,
						52.16061,
						0
					],
					[
						-0.63832,
						52.16076,
						0
					],
					[
						-0.63791,
						52.16077,
						0
					],
					[
						-0.63748,
						52.1608,
						0
					],
					[
						-0.63669,
						52.16088,
						0
					],
					[
						-0.63569,
						52.16102,
						0
					],
					[
						-0.63369,
						52.16145,
						0
					],
					[
						-0.63322,
						52.16152,
						0
					],
					[
						-0.63232,
						52.1616,
						0
					],
					[
						-0.62981,
						52.1617,
						0
					],
					[
						-0.62929,
						52.16174,
						0
					],
					[
						-0.62869,
						52.16183,
						0
					],
					[
						-0.62809,
						52.16189,
						0
					],
					[
						-0.62764,
						52.1619,
						0
					],
					[
						-0.62688,
						52.16191,
						0
					],
					[
						-0.62635,
						52.16197,
						0
					],
					[
						-0.62607,
						52.16206,
						0
					],
					[
						-0.6261,
						52.1622,
						0
					],
					[
						-0.62609,
						52.16226,
						0
					],
					[
						-0.62594,
						52.16257,
						0
					],
					[
						-0.62584,
						52.16269,
						0
					],
					[
						-0.6257,
						52.1628,
						0
					],
					[
						-0.62553,
						52.16287,
						0
					],
					[
						-0.6254,
						52.1629,
						0
					],
					[
						-0.62518,
						52.16289,
						0
					],
					[
						-0.62505,
						52.16319,
						0
					],
					[
						-0.62501,
						52.16414,
						0
					],
					[
						-0.62494,
						52.16453,
						0
					],
					[
						-0.62436,
						52.16451,
						0
					],
					[
						-0.62322,
						52.16439,
						0
					],
					[
						-0.6225,
						52.1642,
						0
					],
					[
						-0.62232,
						52.16443,
						0
					],
					[
						-0.62228,
						52.16453,
						0
					],
					[
						-0.62232,
						52.16493,
						0
					],
					[
						-0.62228,
						52.16502,
						0
					],
					[
						-0.62216,
						52.16508,
						0
					],
					[
						-0.6222,
						52.16511,
						0
					],
					[
						-0.62217,
						52.16516,
						0
					],
					[
						-0.62217,
						52.16528,
						0
					],
					[
						-0.62225,
						52.16532,
						0
					],
					[
						-0.62226,
						52.16655,
						0
					],
					[
						-0.62094,
						52.16941,
						0
					],
					[
						-0.61881,
						52.17265,
						0
					],
					[
						-0.61774,
						52.17491,
						0
					],
					[
						-0.61578,
						52.17621,
						0
					],
					[
						-0.61504,
						52.17669,
						0
					],
					[
						-0.6118,
						52.17799,
						0
					],
					[
						-0.60995,
						52.17922,
						0
					],
					[
						-0.60998,
						52.18072,
						0
					],
					[
						-0.60965,
						52.18082,
						0
					],
					[
						-0.60958,
						52.18281,
						0
					],
					[
						-0.60956,
						52.18343,
						0
					],
					[
						-0.60912,
						52.18344,
						0
					],
					[
						-0.60887,
						52.18347,
						0
					],
					[
						-0.60783,
						52.18376,
						0
					],
					[
						-0.60677,
						52.18397,
						0
					],
					[
						-0.6065,
						52.1841,
						0
					],
					[
						-0.60521,
						52.18553,
						0
					],
					[
						-0.60518,
						52.18568,
						0
					],
					[
						-0.60517,
						52.18574,
						0
					],
					[
						-0.60532,
						52.18605,
						0
					],
					[
						-0.60533,
						52.18619,
						0
					],
					[
						-0.60513,
						52.18736,
						0
					],
					[
						-0.60506,
						52.1876,
						0
					],
					[
						-0.60483,
						52.18809,
						0
					],
					[
						-0.60418,
						52.18924,
						0
					],
					[
						-0.60395,
						52.18978,
						0
					],
					[
						-0.60382,
						52.19,
						0
					],
					[
						-0.60363,
						52.19026,
						0
					],
					[
						-0.60312,
						52.19081,
						0
					],
					[
						-0.60285,
						52.19104,
						0
					],
					[
						-0.60223,
						52.19146,
						0
					],
					[
						-0.60138,
						52.19202,
						0
					],
					[
						-0.60176,
						52.19244,
						0
					],
					[
						-0.60193,
						52.19269,
						0
					],
					[
						-0.60217,
						52.1932,
						0
					],
					[
						-0.60208,
						52.19363,
						0
					],
					[
						-0.60223,
						52.19397,
						0
					],
					[
						-0.60319,
						52.19565,
						0
					],
					[
						-0.6033,
						52.19609,
						0
					],
					[
						-0.60342,
						52.19672,
						0
					],
					[
						-0.60344,
						52.19703,
						0
					],
					[
						-0.60357,
						52.19768,
						0
					],
					[
						-0.60365,
						52.1979,
						0
					],
					[
						-0.60369,
						52.19813,
						0
					],
					[
						-0.60358,
						52.19846,
						0
					],
					[
						-0.60304,
						52.19909,
						0
					],
					[
						-0.60296,
						52.19932,
						0
					],
					[
						-0.60285,
						52.19952,
						0
					],
					[
						-0.60276,
						52.19984,
						0
					],
					[
						-0.60276,
						52.20007,
						0
					],
					[
						-0.60243,
						52.20005,
						0
					],
					[
						-0.60209,
						52.20012,
						0
					],
					[
						-0.60188,
						52.20004,
						0
					],
					[
						-0.60181,
						52.20011,
						0
					],
					[
						-0.60162,
						52.20013,
						0
					],
					[
						-0.60157,
						52.20021,
						0
					],
					[
						-0.60162,
						52.20013,
						0
					],
					[
						-0.60061,
						52.20031,
						0
					],
					[
						-0.59927,
						52.20068,
						0
					],
					[
						-0.59731,
						52.20147,
						0
					],
					[
						-0.59681,
						52.20174,
						0
					],
					[
						-0.59636,
						52.20212,
						0
					],
					[
						-0.59485,
						52.20319,
						0
					],
					[
						-0.59463,
						52.20326,
						0
					],
					[
						-0.59447,
						52.20334,
						0
					],
					[
						-0.59428,
						52.20348,
						0
					],
					[
						-0.59409,
						52.2037,
						0
					],
					[
						-0.59373,
						52.20399,
						0
					],
					[
						-0.59255,
						52.20518,
						0
					],
					[
						-0.59185,
						52.2058,
						0
					],
					[
						-0.59144,
						52.20625,
						0
					],
					[
						-0.59131,
						52.20635,
						0
					],
					[
						-0.59028,
						52.20737,
						0
					],
					[
						-0.58973,
						52.20805,
						0
					],
					[
						-0.5888,
						52.20946,
						0
					],
					[
						-0.5888099999999999,
						52.20951,
						0
					],
					[
						-0.58885,
						52.20955,
						0
					]
				]
			},
			"properties": {
				"name": "Olney to Odell",
                "distance": 13,
                "link": "/walks/5-olney-to-odell-13-km.html",
                "image": "/assets/images/1/harrold_bridge_2.jpg",
				"description": "Climb to the heights of Clifton Renes and then across to Bedfordshire.",
				"stroke": "#f57c00",
				"stroke-opacity": 1,
				"strokewidth": 4
			}
		},
		{
			"type": "Feature",
			"geometry": {
				"type": "LineString",
				"coordinates": [
					[
						-0.7462992,
						52.1133161,
						0
					],
					[
						-0.7485308,
						52.1108915,
						0
					]
				]
			},
			"properties": {
				"name": "Tyringham detour",
                "distance": 1,
                "link": "/walks/5-olney-to-odell-13-km.html",
                "image": "/assets/images/points/tyringham_bridge.jpg",
				"description": "Get a better view of Tyringham hall, gatehouse and bridge",
				"stroke": "#6d69699a",
				"stroke-opacity": 1,
				"strokewidth": 3
			}
		},
		{
			"type": "Feature",
			"geometry": {
				"type": "LineString",
				"coordinates": [
					[
						-0.58876,
						52.20948,
						0
					],
					[
						-0.58885,
						52.20955,
						0
					],
					[
						-0.58872,
						52.20962,
						0
					],
					[
						-0.58862,
						52.20974,
						0
					],
					[
						-0.58859,
						52.20992,
						0
					],
					[
						-0.58864,
						52.21041,
						0
					],
					[
						-0.58852,
						52.21055,
						0
					],
					[
						-0.58832,
						52.21071,
						0
					],
					[
						-0.58806,
						52.21087,
						0
					],
					[
						-0.58761,
						52.21123,
						0
					],
					[
						-0.58744,
						52.21131,
						0
					],
					[
						-0.58728,
						52.21136,
						0
					],
					[
						-0.58701,
						52.2115,
						0
					],
					[
						-0.58692,
						52.21165,
						0
					],
					[
						-0.58669,
						52.21194,
						0
					],
					[
						-0.58629,
						52.2121,
						0
					],
					[
						-0.58639,
						52.2122,
						0
					],
					[
						-0.58643,
						52.21246,
						0
					],
					[
						-0.5865,
						52.21322,
						0
					],
					[
						-0.58661,
						52.2135,
						0
					],
					[
						-0.58661,
						52.21377,
						0
					],
					[
						-0.58647,
						52.21416,
						0
					],
					[
						-0.58647,
						52.21482,
						0
					],
					[
						-0.58643,
						52.21517,
						0
					],
					[
						-0.58636,
						52.21528,
						0
					],
					[
						-0.58606,
						52.2155,
						0
					],
					[
						-0.58598,
						52.21555,
						0
					],
					[
						-0.58569,
						52.21568,
						0
					],
					[
						-0.58538,
						52.21579,
						0
					],
					[
						-0.58416,
						52.21614,
						0
					],
					[
						-0.58373,
						52.2163,
						0
					],
					[
						-0.58356,
						52.21631,
						0
					],
					[
						-0.58328,
						52.2164,
						0
					],
					[
						-0.57925,
						52.21751,
						0
					],
					[
						-0.57573,
						52.21874,
						0
					],
					[
						-0.57442,
						52.21912,
						0
					],
					[
						-0.57318,
						52.2197,
						0
					],
					[
						-0.56875,
						52.22289,
						0
					],
					[
						-0.56837,
						52.2228,
						0
					],
					[
						-0.56641,
						52.22374,
						0
					],
					[
						-0.56557,
						52.22366,
						0
					],
					[
						-0.56508,
						52.22367,
						0
					],
					[
						-0.56441,
						52.22374,
						0
					],
					[
						-0.56295,
						52.22398,
						0
					],
					[
						-0.56098,
						52.22438,
						0
					],
					[
						-0.55987,
						52.22464,
						0
					],
					[
						-0.55796,
						52.22512,
						0
					],
					[
						-0.55723,
						52.22541,
						0
					],
					[
						-0.55656,
						52.22565,
						0
					],
					[
						-0.55608,
						52.22591,
						0
					],
					[
						-0.55541,
						52.22655,
						0
					],
					[
						-0.55533,
						52.22652,
						0
					],
					[
						-0.55439,
						52.22621,
						0
					],
					[
						-0.55326,
						52.22586,
						0
					],
					[
						-0.55217,
						52.22548,
						0
					],
					[
						-0.55004,
						52.22483,
						0
					],
					[
						-0.54893,
						52.22446,
						0
					],
					[
						-0.5486,
						52.22431,
						0
					],
					[
						-0.54817,
						52.22457,
						0
					],
					[
						-0.54771,
						52.2248,
						0
					],
					[
						-0.54756,
						52.224850000000007,
						0
					],
					[
						-0.54732,
						52.22493,
						0
					],
					[
						-0.54704,
						52.22499,
						0
					],
					[
						-0.5469,
						52.22518,
						0
					],
					[
						-0.54676,
						52.22542,
						0
					],
					[
						-0.54544,
						52.2256,
						0
					],
					[
						-0.54524,
						52.22569,
						0
					],
					[
						-0.54461,
						52.22587,
						0
					],
					[
						-0.54447,
						52.22594,
						0
					],
					[
						-0.54428,
						52.2261,
						0
					],
					[
						-0.54219,
						52.22515,
						0
					],
					[
						-0.54176,
						52.22492,
						0
					],
					[
						-0.5400199999999999,
						52.22389,
						0
					],
					[
						-0.53982,
						52.22379,
						0
					],
					[
						-0.53965,
						52.22378,
						0
					],
					[
						-0.53961,
						52.2237,
						0
					],
					[
						-0.53965,
						52.22365,
						0
					],
					[
						-0.54019,
						52.22314,
						0
					],
					[
						-0.54065,
						52.22281,
						0
					],
					[
						-0.54246,
						52.22178,
						0
					],
					[
						-0.54252,
						52.22158,
						0
					],
					[
						-0.54271,
						52.22125,
						0
					],
					[
						-0.5438,
						52.21954,
						0
					],
					[
						-0.5439,
						52.21943,
						0
					],
					[
						-0.54375,
						52.21939,
						0
					],
					[
						-0.54346,
						52.21944,
						0
					],
					[
						-0.54349,
						52.21931,
						0
					],
					[
						-0.54347,
						52.21929,
						0
					],
					[
						-0.54325,
						52.21897,
						0
					],
					[
						-0.54278,
						52.21839,
						0
					],
					[
						-0.54251,
						52.21817,
						0
					],
					[
						-0.54248,
						52.21797,
						0
					],
					[
						-0.5425,
						52.21745,
						0
					],
					[
						-0.54206,
						52.21727,
						0
					],
					[
						-0.54225,
						52.21696,
						0
					],
					[
						-0.54235,
						52.21674,
						0
					],
					[
						-0.54226,
						52.21669,
						0
					],
					[
						-0.54139,
						52.21709,
						0
					],
					[
						-0.54059,
						52.21657,
						0
					],
					[
						-0.53974,
						52.21606,
						0
					],
					[
						-0.53932,
						52.21591,
						0
					],
					[
						-0.53929,
						52.21575,
						0
					],
					[
						-0.53852,
						52.21508,
						0
					],
					[
						-0.53869,
						52.21499,
						0
					],
					[
						-0.53842,
						52.21489,
						0
					],
					[
						-0.53757,
						52.21439,
						0
					],
					[
						-0.53755,
						52.21428,
						0
					],
					[
						-0.53706,
						52.21384,
						0
					],
					[
						-0.53598,
						52.21297,
						0
					],
					[
						-0.53585,
						52.21289,
						0
					],
					[
						-0.53555,
						52.21279,
						0
					],
					[
						-0.53533,
						52.21267,
						0
					],
					[
						-0.53414,
						52.21185,
						0
					],
					[
						-0.5334,
						52.21129,
						0
					],
					[
						-0.53317,
						52.21115,
						0
					],
					[
						-0.53302,
						52.21105,
						0
					],
					[
						-0.53242,
						52.21115,
						0
					],
					[
						-0.53169,
						52.21132,
						0
					],
					[
						-0.53156,
						52.21131,
						0
					],
					[
						-0.53152,
						52.21119,
						0
					],
					[
						-0.53152,
						52.21097,
						0
					],
					[
						-0.53164,
						52.21032,
						0
					],
					[
						-0.53155,
						52.21019,
						0
					],
					[
						-0.53133,
						52.21002,
						0
					],
					[
						-0.53013,
						52.20972,
						0
					],
					[
						-0.52989,
						52.20969,
						0
					],
					[
						-0.52988,
						52.20913,
						0
					],
					[
						-0.52964,
						52.20777,
						0
					],
					[
						-0.52965,
						52.20761,
						0
					],
					[
						-0.52968,
						52.20753,
						0
					],
					[
						-0.53012,
						52.20689,
						0
					],
					[
						-0.53066,
						52.20634,
						0
					],
					[
						-0.53152,
						52.20624,
						0
					],
					[
						-0.53161,
						52.20617,
						0
					],
					[
						-0.53186,
						52.20621,
						0
					],
					[
						-0.533,
						52.20526,
						0
					],
					[
						-0.53518,
						52.20353,
						0
					],
					[
						-0.53725,
						52.20235,
						0
					],
					[
						-0.53838,
						52.20166,
						0
					],
					[
						-0.53869,
						52.20132,
						0
					],
					[
						-0.53899,
						52.20064,
						0
					],
					[
						-0.5399,
						52.1994,
						0
					],
					[
						-0.5406,
						52.19828,
						0
					],
					[
						-0.54084,
						52.19777,
						0
					],
					[
						-0.54079,
						52.19757,
						0
					],
					[
						-0.54072,
						52.19718,
						0
					],
					[
						-0.54056,
						52.19531,
						0
					],
					[
						-0.53972,
						52.19421,
						0
					],
					[
						-0.53907,
						52.19324,
						0
					],
					[
						-0.53795,
						52.19243,
						0
					],
					[
						-0.53773,
						52.19237,
						0
					],
					[
						-0.5371,
						52.19217,
						0
					],
					[
						-0.5382,
						52.19075,
						0
					],
					[
						-0.53899,
						52.1909,
						0
					],
					[
						-0.54032,
						52.19047,
						0
					],
					[
						-0.54068,
						52.18887,
						0
					],
					[
						-0.54162,
						52.189,
						0
					],
					[
						-0.54689,
						52.18964,
						0
					],
					[
						-0.54943,
						52.18982,
						0
					],
					[
						-0.54987,
						52.18979,
						0
					],
					[
						-0.55088,
						52.18961,
						0
					],
					[
						-0.55207,
						52.18926,
						0
					],
					[
						-0.55226,
						52.18917,
						0
					],
					[
						-0.55218,
						52.18912,
						0
					]
				]
			},
			"properties": {
				"name": "Odell Pavenham",
                "distance": 10.5,
                "link": "/walks/6-odell-to-pavenham-105-km.html",
                "image": "/assets/images/1/shelter.jpg",
				"description": "Loop round to see more bedfordshire villages and countryside, but not so much river.",
				"stroke": "#f57c00",
				"stroke-opacity": 1,
				"strokewidth": 4
			}
		},
		{
			"type": "Feature",
			"geometry": {
				"type": "LineString",
				"coordinates":           [[-0.58779,52.20874,0],[
          -0.58026,52.20415,0],[
          -0.57913,52.20458,0],[
          -0.57508,52.2002,0],[
          -0.57068,52.1967,0],[
          -0.56699,52.19666,0],[
          -0.56445,52.19584,0],[
          -0.56296,52.19451,0],[
          -0.56147,52.19434,0],[
          -0.5565,52.18915,0],[
          -0.55353,52.18835,0]]
			},
			"properties": {
				"name": "Odell Pavenham alternative",
                "distance": 10.5,
                "link": "/walks/6-odell-to-pavenham-105-km.html",
                "image": "/assets/images/1/pavenham.jpg",
				"description": "Take a pleasant short cut to Pavenham over the high ground.",
				"stroke": "#6d69699a",
				"stroke-opacity": 1,
				"strokewidth": 3
			}
		},
		{
			"type": "Feature",
			"geometry": {
				"type": "LineString",
				"coordinates": [
					[
						-0.55416,
						52.18826,
						0
					],
					[
						-0.55401,
						52.18824,
						0
					],
					[
						-0.55423,
						52.18777,
						0
					],
					[
						-0.55439,
						52.18715,
						0
					],
					[
						-0.55442,
						52.18709,
						0
					],
					[
						-0.55465,
						52.18688,
						0
					],
					[
						-0.55483,
						52.1868,
						0
					],
					[
						-0.55538,
						52.18669,
						0
					],
					[
						-0.55589,
						52.18678,
						0
					],
					[
						-0.55623,
						52.18675,
						0
					],
					[
						-0.55657,
						52.1867,
						0
					],
					[
						-0.55683,
						52.18663,
						0
					],
					[
						-0.55928,
						52.18625,
						0
					],
					[
						-0.5593,
						52.18629,
						0
					],
					[
						-0.55929,
						52.18632,
						0
					],
					[
						-0.55928,
						52.18625,
						0
					],
					[
						-0.55936,
						52.1862,
						0
					],
					[
						-0.55986,
						52.18609,
						0
					],
					[
						-0.5601,
						52.18598,
						0
					],
					[
						-0.56032,
						52.18578,
						0
					],
					[
						-0.56095,
						52.18549,
						0
					],
					[
						-0.56118,
						52.18543,
						0
					],
					[
						-0.56139,
						52.18533,
						0
					],
					[
						-0.56157,
						52.18516,
						0
					],
					[
						-0.56164,
						52.18513,
						0
					],
					[
						-0.56202,
						52.18482,
						0
					],
					[
						-0.56211,
						52.18468,
						0
					],
					[
						-0.56264,
						52.18434,
						0
					],
					[
						-0.56312,
						52.18415,
						0
					],
					[
						-0.5634,
						52.18402,
						0
					],
					[
						-0.5635,
						52.18393,
						0
					],
					[
						-0.56356,
						52.18379,
						0
					],
					[
						-0.56355,
						52.18362,
						0
					],
					[
						-0.56345,
						52.18344,
						0
					],
					[
						-0.5636,
						52.1833,
						0
					],
					[
						-0.56373,
						52.18311,
						0
					],
					[
						-0.56389,
						52.18299,
						0
					],
					[
						-0.564,
						52.18296,
						0
					],
					[
						-0.56409,
						52.18292,
						0
					],
					[
						-0.56416,
						52.18282,
						0
					],
					[
						-0.56417,
						52.18272,
						0
					],
					[
						-0.56409,
						52.18236,
						0
					],
					[
						-0.56399,
						52.1821,
						0
					],
					[
						-0.56388,
						52.18189,
						0
					],
					[
						-0.5637,
						52.1813,
						0
					],
					[
						-0.56356,
						52.18044,
						0
					],
					[
						-0.56356,
						52.18023,
						0
					],
					[
						-0.56351,
						52.17988,
						0
					],
					[
						-0.56363,
						52.17953,
						0
					],
					[
						-0.56413,
						52.17886,
						0
					],
					[
						-0.56415,
						52.17879,
						0
					],
					[
						-0.56404,
						52.17858,
						0
					],
					[
						-0.56376,
						52.17824,
						0
					],
					[
						-0.56323,
						52.17774,
						0
					],
					[
						-0.56313,
						52.17757,
						0
					],
					[
						-0.56312,
						52.17745,
						0
					],
					[
						-0.56318,
						52.17713,
						0
					],
					[
						-0.56318,
						52.1771,
						0
					],
					[
						-0.56306,
						52.17708,
						0
					],
					[
						-0.56287,
						52.17693,
						0
					],
					[
						-0.56276,
						52.17687,
						0
					],
					[
						-0.56263,
						52.17682,
						0
					],
					[
						-0.56251,
						52.17681,
						0
					],
					[
						-0.56227,
						52.17685,
						0
					],
					[
						-0.5607,
						52.17748,
						0
					],
					[
						-0.56062,
						52.17748,
						0
					],
					[
						-0.56054,
						52.17744,
						0
					],
					[
						-0.56029,
						52.17722,
						0
					],
					[
						-0.5591,
						52.17627,
						0
					],
					[
						-0.55903,
						52.17624,
						0
					],
					[
						-0.55888,
						52.17622,
						0
					],
					[
						-0.5578,
						52.17551,
						0
					],
					[
						-0.55699,
						52.17493,
						0
					],
					[
						-0.55672,
						52.17483,
						0
					],
					[
						-0.55644,
						52.17476,
						0
					],
					[
						-0.55617,
						52.17466,
						0
					],
					[
						-0.55572,
						52.1744,
						0
					],
					[
						-0.55501,
						52.17387,
						0
					],
					[
						-0.55414,
						52.17314,
						0
					],
					[
						-0.55358,
						52.17273,
						0
					],
					[
						-0.55314,
						52.17245,
						0
					],
					[
						-0.55293,
						52.17238,
						0
					],
					[
						-0.55281,
						52.17224,
						0
					],
					[
						-0.55271,
						52.17202,
						0
					],
					[
						-0.55278,
						52.17184,
						0
					],
					[
						-0.55277,
						52.17176,
						0
					],
					[
						-0.55267,
						52.17164,
						0
					],
					[
						-0.55259,
						52.17144,
						0
					],
					[
						-0.55258,
						52.17137,
						0
					],
					[
						-0.55268,
						52.17113,
						0
					],
					[
						-0.55354,
						52.16999,
						0
					],
					[
						-0.55358,
						52.16981,
						0
					],
					[
						-0.55366,
						52.16963,
						0
					],
					[
						-0.55397,
						52.16931,
						0
					],
					[
						-0.55436,
						52.16897,
						0
					],
					[
						-0.55467,
						52.16874,
						0
					],
					[
						-0.55478,
						52.1686,
						0
					],
					[
						-0.55409,
						52.16849,
						0
					],
					[
						-0.55398,
						52.16867,
						0
					],
					[
						-0.55409,
						52.16849,
						0
					],
					[
						-0.55331,
						52.16838,
						0
					],
					[
						-0.55272,
						52.16821,
						0
					],
					[
						-0.5522,
						52.16802,
						0
					],
					[
						-0.55159,
						52.16771,
						0
					],
					[
						-0.55106,
						52.16739,
						0
					],
					[
						-0.55018,
						52.16693,
						0
					],
					[
						-0.54979,
						52.16681,
						0
					],
					[
						-0.54996,
						52.16649,
						0
					],
					[
						-0.54998,
						52.16636,
						0
					],
					[
						-0.55034,
						52.16605,
						0
					],
					[
						-0.55039,
						52.16594,
						0
					],
					[
						-0.55034,
						52.1657,
						0
					],
					[
						-0.55026,
						52.16568,
						0
					],
					[
						-0.55001,
						52.16543,
						0
					],
					[
						-0.54957,
						52.1652,
						0
					],
					[
						-0.54945,
						52.16504,
						0
					],
					[
						-0.54927,
						52.16486,
						0
					],
					[
						-0.54871,
						52.16456,
						0
					],
					[
						-0.54824,
						52.16422,
						0
					],
					[
						-0.5476,
						52.16373,
						0
					],
					[
						-0.54732,
						52.16364,
						0
					],
					[
						-0.54717,
						52.16335,
						0
					],
					[
						-0.54707,
						52.16329,
						0
					],
					[
						-0.54695,
						52.16327,
						0
					],
					[
						-0.54684,
						52.16323,
						0
					],
					[
						-0.54675,
						52.16312,
						0
					],
					[
						-0.54673,
						52.16294,
						0
					],
					[
						-0.54709,
						52.16168,
						0
					],
					[
						-0.547,
						52.16147,
						0
					],
					[
						-0.54684,
						52.16125,
						0
					],
					[
						-0.54631,
						52.16068,
						0
					],
					[
						-0.54574,
						52.15941,
						0
					],
					[
						-0.5457,
						52.15923,
						0
					],
					[
						-0.54548,
						52.15907,
						0
					],
					[
						-0.54236,
						52.15706,
						0
					],
					[
						-0.53781,
						52.15406,
						0
					],
					[
						-0.53765,
						52.15399,
						0
					],
					[
						-0.53755,
						52.15397,
						0
					],
					[
						-0.53625,
						52.15378,
						0
					],
					[
						-0.53494,
						52.15363,
						0
					],
					[
						-0.53416,
						52.15343,
						0
					],
					[
						-0.53381,
						52.15328,
						0
					],
					[
						-0.53356,
						52.15312,
						0
					],
					[
						-0.53278,
						52.15277,
						0
					],
					[
						-0.5325,
						52.15266,
						0
					],
					[
						-0.53225,
						52.15258,
						0
					],
					[
						-0.53195,
						52.15251,
						0
					],
					[
						-0.53074,
						52.15232,
						0
					],
					[
						-0.52765,
						52.15189,
						0
					],
					[
						-0.52731,
						52.15179,
						0
					],
					[
						-0.5269,
						52.15154,
						0
					],
					[
						-0.52697,
						52.1515,
						0
					],
					[
						-0.52687,
						52.15144,
						0
					],
					[
						-0.5268,
						52.15134,
						0
					],
					[
						-0.52672,
						52.15104,
						0
					],
					[
						-0.52674,
						52.15079,
						0
					],
					[
						-0.52704,
						52.1503,
						0
					],
					[
						-0.52712,
						52.14994,
						0
					],
					[
						-0.52726,
						52.14954,
						0
					],
					[
						-0.5273,
						52.14919,
						0
					],
					[
						-0.52717,
						52.14908,
						0
					],
					[
						-0.52717,
						52.14903,
						0
					],
					[
						-0.52703,
						52.14907,
						0
					],
					[
						-0.52688,
						52.14908,
						0
					],
					[
						-0.52688,
						52.14901,
						0
					],
					[
						-0.52676,
						52.14868,
						0
					],
					[
						-0.52675,
						52.1485,
						0
					],
					[
						-0.52677,
						52.14786,
						0
					],
					[
						-0.52672,
						52.14748,
						0
					],
					[
						-0.52679,
						52.14701,
						0
					],
					[
						-0.52679,
						52.14682,
						0
					],
					[
						-0.52672,
						52.14674,
						0
					],
					[
						-0.5267,
						52.14657,
						0
					],
					[
						-0.52675,
						52.14641,
						0
					],
					[
						-0.52666,
						52.1462,
						0
					],
					[
						-0.52649,
						52.14596,
						0
					],
					[
						-0.5263,
						52.14577,
						0
					],
					[
						-0.52612,
						52.1455,
						0
					],
					[
						-0.52578,
						52.14492,
						0
					],
					[
						-0.52505,
						52.14501,
						0
					],
					[
						-0.5246,
						52.14503,
						0
					],
					[
						-0.52408,
						52.14498,
						0
					],
					[
						-0.52097,
						52.14459,
						0
					],
					[
						-0.52119,
						52.14442,
						0
					],
					[
						-0.52143,
						52.14412,
						0
					],
					[
						-0.52156,
						52.14404,
						0
					],
					[
						-0.52167,
						52.144,
						0
					],
					[
						-0.5218,
						52.14398,
						0
					],
					[
						-0.52235,
						52.14396,
						0
					],
					[
						-0.52294,
						52.14389,
						0
					],
					[
						-0.52317,
						52.14385,
						0
					],
					[
						-0.52343,
						52.14376,
						0
					],
					[
						-0.52389,
						52.14351,
						0
					],
					[
						-0.52421,
						52.14327,
						0
					],
					[
						-0.5245,
						52.14299,
						0
					],
					[
						-0.52471,
						52.14262,
						0
					],
					[
						-0.52477,
						52.14246,
						0
					],
					[
						-0.52498,
						52.14209,
						0
					],
					[
						-0.52499,
						52.142,
						0
					],
					[
						-0.5248,
						52.14174,
						0
					],
					[
						-0.52479,
						52.14156,
						0
					],
					[
						-0.52491,
						52.1413,
						0
					],
					[
						-0.52505,
						52.14117,
						0
					],
					[
						-0.52528,
						52.14088,
						0
					],
					[
						-0.52527,
						52.14064,
						0
					],
					[
						-0.52524,
						52.14047,
						0
					],
					[
						-0.52506,
						52.14,
						0
					],
					[
						-0.52505,
						52.13988,
						0
					],
					[
						-0.52513,
						52.13939,
						0
					],
					[
						-0.52528,
						52.13903,
						0
					],
					[
						-0.5253,
						52.13882,
						0
					],
					[
						-0.52511,
						52.1383,
						0
					],
					[
						-0.52501,
						52.13822,
						0
					],
					[
						-0.52483,
						52.13812,
						0
					],
					[
						-0.52476,
						52.13802,
						0
					],
					[
						-0.52468,
						52.13769,
						0
					],
					[
						-0.52455,
						52.13757,
						0
					],
					[
						-0.52432,
						52.13747,
						0
					],
					[
						-0.52413,
						52.13733,
						0
					],
					[
						-0.524,
						52.13703,
						0
					],
					[
						-0.52388,
						52.13694,
						0
					],
					[
						-0.52357,
						52.13683,
						0
					],
					[
						-0.52335,
						52.1367,
						0
					],
					[
						-0.52318,
						52.1365,
						0
					],
					[
						-0.52268,
						52.13534,
						0
					],
					[
						-0.52258,
						52.1352,
						0
					],
					[
						-0.52258,
						52.13436,
						0
					],
					[
						-0.52247,
						52.13388,
						0
					],
					[
						-0.52231,
						52.13366,
						0
					],
					[
						-0.52214,
						52.13325,
						0
					],
					[
						-0.52187,
						52.13273,
						0
					],
					[
						-0.52148,
						52.13207,
						0
					],
					[
						-0.52133,
						52.1319,
						0
					],
					[
						-0.52111,
						52.13154,
						0
					],
					[
						-0.51997,
						52.12995,
						0
					],
					[
						-0.5192,
						52.12851,
						0
					],
					[
						-0.51875,
						52.12846,
						0
					],
					[
						-0.51864,
						52.12848,
						0
					],
					[
						-0.51857,
						52.1286,
						0
					],
					[
						-0.51849,
						52.128660000000007,
						0
					],
					[
						-0.51828,
						52.128660000000007,
						0
					],
					[
						-0.51803,
						52.12876,
						0
					],
					[
						-0.51803,
						52.12893,
						0
					],
					[
						-0.51799,
						52.12903,
						0
					],
					[
						-0.51805,
						52.12915,
						0
					],
					[
						-0.5181,
						52.12918,
						0
					],
					[
						-0.51805,
						52.12915,
						0
					],
					[
						-0.51799,
						52.12903,
						0
					],
					[
						-0.51786,
						52.12909,
						0
					],
					[
						-0.51782,
						52.12904,
						0
					],
					[
						-0.51736,
						52.12914,
						0
					],
					[
						-0.51671,
						52.12922,
						0
					],
					[
						-0.51639,
						52.12923,
						0
					],
					[
						-0.51627,
						52.12922,
						0
					],
					[
						-0.51616,
						52.12917,
						0
					],
					[
						-0.51613,
						52.12911,
						0
					],
					[
						-0.51593,
						52.12912,
						0
					],
					[
						-0.51585,
						52.12922,
						0
					],
					[
						-0.51576,
						52.12928,
						0
					],
					[
						-0.51538,
						52.12929,
						0
					],
					[
						-0.51471,
						52.12908,
						0
					],
					[
						-0.51438,
						52.12896,
						0
					],
					[
						-0.51415,
						52.12886,
						0
					],
					[
						-0.51382,
						52.12868,
						0
					],
					[
						-0.5131,
						52.1282,
						0
					],
					[
						-0.51263,
						52.12793,
						0
					],
					[
						-0.51259,
						52.12789,
						0
					],
					[
						-0.51258,
						52.12783,
						0
					],
					[
						-0.51221,
						52.12781,
						0
					],
					[
						-0.51183,
						52.12789,
						0
					],
					[
						-0.51158,
						52.12751,
						0
					],
					[
						-0.51149,
						52.12747,
						0
					],
					[
						-0.51132,
						52.1272,
						0
					],
					[
						-0.51135,
						52.12711,
						0
					],
					[
						-0.51134,
						52.12704,
						0
					],
					[
						-0.51096,
						52.12562,
						0
					],
					[
						-0.5109,
						52.12549,
						0
					],
					[
						-0.51022,
						52.12428,
						0
					],
					[
						-0.50972,
						52.12346,
						0
					],
					[
						-0.50886,
						52.12185,
						0
					],
					[
						-0.50801,
						52.12037,
						0
					],
					[
						-0.50792,
						52.12024,
						0
					],
					[
						-0.50766,
						52.11976,
						0
					],
					[
						-0.50756,
						52.11958,
						0
					],
					[
						-0.50738,
						52.11943,
						0
					],
					[
						-0.50712,
						52.11983,
						0
					],
					[
						-0.50468,
						52.12166,
						0
					],
					[
						-0.50408,
						52.12223,
						0
					],
					[
						-0.50371,
						52.12279,
						0
					],
					[
						-0.50348,
						52.12334,
						0
					],
					[
						-0.50343,
						52.12365,
						0
					],
					[
						-0.50354,
						52.12429,
						0
					],
					[
						-0.50391,
						52.12567,
						0
					],
					[
						-0.504,
						52.12616,
						0
					],
					[
						-0.50396,
						52.12708,
						0
					],
					[
						-0.50374,
						52.12797,
						0
					],
					[
						-0.50359,
						52.12832,
						0
					],
					[
						-0.50323,
						52.12895,
						0
					],
					[
						-0.50317,
						52.12916,
						0
					],
					[
						-0.5032,
						52.12931,
						0
					],
					[
						-0.50312,
						52.12937,
						0
					],
					[
						-0.5031,
						52.12941,
						0
					],
					[
						-0.50313,
						52.12956,
						0
					],
					[
						-0.50318,
						52.12959,
						0
					],
					[
						-0.5033,
						52.12972,
						0
					],
					[
						-0.50389,
						52.13006,
						0
					],
					[
						-0.50383,
						52.1301,
						0
					],
					[
						-0.50348,
						52.13019,
						0
					],
					[
						-0.50349,
						52.13027,
						0
					],
					[
						-0.50345,
						52.13036,
						0
					],
					[
						-0.50342,
						52.13037,
						0
					],
					[
						-0.5032,
						52.13035,
						0
					],
					[
						-0.50313,
						52.13061,
						0
					],
					[
						-0.50316,
						52.13065,
						0
					],
					[
						-0.50334,
						52.13075,
						0
					],
					[
						-0.50353,
						52.13104,
						0
					],
					[
						-0.50295,
						52.13118,
						0
					],
					[
						-0.50185,
						52.13142,
						0
					],
					[
						-0.50109,
						52.1315,
						0
					],
					[
						-0.501,
						52.1313,
						0
					],
					[
						-0.50101,
						52.13118,
						0
					],
					[
						-0.50134,
						52.13116,
						0
					],
					[
						-0.50133,
						52.13105,
						0
					],
					[
						-0.50134,
						52.13116,
						0
					],
					[
						-0.50101,
						52.13118,
						0
					],
					[
						-0.501,
						52.1313,
						0
					],
					[
						-0.50109,
						52.1315,
						0
					],
					[
						-0.50008,
						52.13165,
						0
					],
					[
						-0.50006,
						52.13162,
						0
					],
					[
						-0.49971,
						52.13157,
						0
					],
					[
						-0.49958,
						52.1315,
						0
					],
					[
						-0.49941,
						52.13127,
						0
					],
					[
						-0.49926,
						52.13099,
						0
					],
					[
						-0.49917,
						52.13094,
						0
					],
					[
						-0.49773,
						52.13081,
						0
					],
					[
						-0.49701,
						52.13063,
						0
					],
					[
						-0.49682,
						52.13056,
						0
					],
					[
						-0.49643,
						52.13054,
						0
					],
					[
						-0.49551,
						52.13039,
						0
					],
					[
						-0.49516,
						52.13037,
						0
					],
					[
						-0.4942,
						52.13024,
						0
					],
					[
						-0.49382,
						52.13012,
						0
					],
					[
						-0.49281,
						52.13,
						0
					],
					[
						-0.49243,
						52.1299,
						0
					],
					[
						-0.49206,
						52.12984,
						0
					],
					[
						-0.4913,
						52.1298,
						0
					],
					[
						-0.49093,
						52.12976,
						0
					],
					[
						-0.49064,
						52.12969,
						0
					],
					[
						-0.4901,
						52.12949,
						0
					],
					[
						-0.48961,
						52.12941,
						0
					],
					[
						-0.48932,
						52.12931,
						0
					],
					[
						-0.48913,
						52.12927,
						0
					],
					[
						-0.4888,
						52.12905,
						0
					],
					[
						-0.4887,
						52.12895,
						0
					],
					[
						-0.48858,
						52.12889,
						0
					],
					[
						-0.48706,
						52.12851,
						0
					],
					[
						-0.48658,
						52.12848,
						0
					],
					[
						-0.48596,
						52.12851,
						0
					],
					[
						-0.48535,
						52.12859,
						0
					],
					[
						-0.48498,
						52.12858,
						0
					],
					[
						-0.48476,
						52.1285,
						0
					],
					[
						-0.48424,
						52.12838,
						0
					],
					[
						-0.48395,
						52.12835,
						0
					],
					[
						-0.48354,
						52.12836,
						0
					],
					[
						-0.48307,
						52.12842,
						0
					],
					[
						-0.48286,
						52.12847,
						0
					],
					[
						-0.48268,
						52.12853,
						0
					],
					[
						-0.48229,
						52.12874,
						0
					],
					[
						-0.48167,
						52.12882,
						0
					],
					[
						-0.48119,
						52.12881,
						0
					],
					[
						-0.4801,
						52.12865,
						0
					],
					[
						-0.47944,
						52.12864,
						0
					],
					[
						-0.47921,
						52.12868,
						0
					],
					[
						-0.47869,
						52.12898,
						0
					],
					[
						-0.47829,
						52.12928,
						0
					],
					[
						-0.47789,
						52.12958,
						0
					],
					[
						-0.47758,
						52.13005,
						0
					],
					[
						-0.47669,
						52.13048,
						0
					],
					[
						-0.47449,
						52.13172,
						0
					],
					[
						-0.47379,
						52.13202,
						0
					],
					[
						-0.47362,
						52.13211,
						0
					],
					[
						-0.47345,
						52.13227,
						0
					],
					[
						-0.47296,
						52.1326,
						0
					],
					[
						-0.47273,
						52.13271,
						0
					],
					[
						-0.47246,
						52.13287,
						0
					],
					[
						-0.47236,
						52.13306,
						0
					],
					[
						-0.47169,
						52.13349,
						0
					],
					[
						-0.47146,
						52.13359,
						0
					],
					[
						-0.47118,
						52.13384,
						0
					],
					[
						-0.47092,
						52.13398,
						0
					],
					[
						-0.47106,
						52.13416,
						0
					],
					[
						-0.47092,
						52.13398,
						0
					],
					[
						-0.4707,
						52.13412,
						0
					],
					[
						-0.46982,
						52.13428,
						0
					],
					[
						-0.46873,
						52.13454,
						0
					],
					[
						-0.46864,
						52.13459,
						0
					],
					[
						-0.46837,
						52.13469,
						0
					],
					[
						-0.46839,
						52.13494,
						0
					],
					[
						-0.46832,
						52.13504,
						0
					],
					[
						-0.46818,
						52.13508,
						0
					],
					[
						-0.468,
						52.13516,
						0
					],
					[
						-0.46792,
						52.13527,
						0
					],
					[
						-0.46801,
						52.13535,
						0
					],
					[
						-0.46804,
						52.13544,
						0
					],
					[
						-0.46802,
						52.13561,
						0
					],
					[
						-0.46789,
						52.13558,
						0
					],
					[
						-0.46791,
						52.13543,
						0
					],
					[
						-0.4679,
						52.13536,
						0
					],
					[
						-0.46767,
						52.13528,
						0
					],
					[
						-0.46719,
						52.13529,
						0
					],
					[
						-0.46706,
						52.13532,
						0
					]
				]
			},
			"properties": {
				"name": "Pavenham to Bedford",
                "distance": 15.5,
                "link": "/walks/7-pavenham-to-bedford-155-km.html",
                "image": "/assets/images/1/pavenham_sssi_2.jpg",
				"description": "Head through a site of special scientific interest and a rather special village.",
				"stroke": "#f57c00",
				"stroke-opacity": 1,
				"strokewidth": 4
			}
		},
		{
			"type": "Feature",
			"geometry": {
				"type": "LineString",
				"coordinates": [[-0.52483,52.14503,0],[
          -0.51899,52.14437,0],[
          -0.52008,52.1425748,0],[
          -0.52059,52.1404,0],[
          -0.52014,52.13862,0],[
          -0.51883,52.13864,0],[
          -0.5187,52.13797,0],[
          -0.51442,52.13742,0],[
          -0.51341,52.13578,0],[
          -0.51009,52.13445,0],[
          -0.50571,52.13169,0],[
          -0.50313,52.12956,0]]
			},
			"properties": {
				"name": "Pavenham to Bedford alternative",
                "distance": 13,
                "link": "/walks/7-pavenham-to-bedford-155-km.html",
                "image": "/assets/images/1/pavenham_sssi_2.jpg",
				"description": "Alternative shorter route",
				"stroke": "#6d69699a",
				"stroke-opacity": 1,
				"strokewidth": 3
			}
		},
		{
			"type": "Feature",
			"geometry": {
				"type": "LineString",
				"coordinates":           [[-0.70527,52.10919,0],[
          -0.70213,52.1103,0],[
          -0.70033,52.1116,0],[
          -0.70097,52.11236,0],[
          -0.70128,52.11351,0],[
          -0.701,52.11398,0],[
          -0.70229,52.11642,0],[
          -0.70336,52.11708,0],[
          -0.71307,52.11948,0],[
          -0.71591,52.1223,0]]
			},
			"properties": {
				"name": "Sherington alternative",
                "distance": 10,
                "link": "/walks/4-newport-pagnell-to-olney-14-km.html",
                "image": "/assets/images/1/Path%20to%20Sherington%20church.jpg",
				"description": "Alternative shorter route giving you more time to explore Sherington",
				"stroke": "#6d69699a",
				"stroke-opacity": 1,
				"strokewidth": 3
			}
		},
		{
            "type": "Feature",
            "geometry": {
                "type": "LineString",
                "coordinates": [
                    [
                        -0.46652,
                        52.13497,
                        0
                    ],
                    [
                        -0.46651,
                        52.13481,
                        0
                    ],
                    [
                        -0.4662,
                        52.13482,
                        0
                    ],
                    [
                        -0.46621,
                        52.13397,
                        0
                    ],
                    [
                        -0.46592,
                        52.13411,
                        0
                    ],
                    [
                        -0.46526,
                        52.1342,
                        0
                    ],
                    [
                        -0.46473,
                        52.13417,
                        0
                    ],
                    [
                        -0.46461,
                        52.13422,
                        0
                    ],
                    [
                        -0.46445,
                        52.13419,
                        0
                    ],
                    [
                        -0.46414,
                        52.13416,
                        0
                    ],
                    [
                        -0.46316,
                        52.13416,
                        0
                    ],
                    [
                        -0.46284,
                        52.1342,
                        0
                    ],
                    [
                        -0.4623,
                        52.13413,
                        0
                    ],
                    [
                        -0.46224,
                        52.13409,
                        0
                    ],
                    [
                        -0.46217,
                        52.13397,
                        0
                    ],
                    [
                        -0.46209,
                        52.13371,
                        0
                    ],
                    [
                        -0.46183,
                        52.13361,
                        0
                    ],
                    [
                        -0.46116,
                        52.13354,
                        0
                    ],
                    [
                        -0.46067,
                        52.13357,
                        0
                    ],
                    [
                        -0.46036,
                        52.13353,
                        0
                    ],
                    [
                        -0.45975,
                        52.1334,
                        0
                    ],
                    [
                        -0.45907,
                        52.13331,
                        0
                    ],
                    [
                        -0.45867,
                        52.13323,
                        0
                    ],
                    [
                        -0.45837,
                        52.13314,
                        0
                    ],
                    [
                        -0.45727,
                        52.1329,
                        0
                    ],
                    [
                        -0.45651,
                        52.13266,
                        0
                    ],
                    [
                        -0.45578,
                        52.13247,
                        0
                    ],
                    [
                        -0.45392,
                        52.13222,
                        0
                    ],
                    [
                        -0.45305,
                        52.13212,
                        0
                    ],
                    [
                        -0.45222,
                        52.13195,
                        0
                    ],
                    [
                        -0.45084,
                        52.13176,
                        0
                    ],
                    [
                        -0.44988,
                        52.13181,
                        0
                    ],
                    [
                        -0.44934,
                        52.13177,
                        0
                    ],
                    [
                        -0.44902,
                        52.13172,
                        0
                    ],
                    [
                        -0.44748,
                        52.13137,
                        0
                    ],
                    [
                        -0.44746,
                        52.13123,
                        0
                    ],
                    [
                        -0.4457,
                        52.13144,
                        0
                    ],
                    [
                        -0.44565,
                        52.13132,
                        0
                    ],
                    [
                        -0.44558,
                        52.13121,
                        0
                    ],
                    [
                        -0.4437,
                        52.13106,
                        0
                    ],
                    [
                        -0.44312,
                        52.13099,
                        0
                    ],
                    [
                        -0.44292,
                        52.13113,
                        0
                    ],
                    [
                        -0.44257,
                        52.13094,
                        0
                    ],
                    [
                        -0.44216,
                        52.13083,
                        0
                    ],
                    [
                        -0.44175,
                        52.13077,
                        0
                    ],
                    [
                        -0.44138,
                        52.13066,
                        0
                    ],
                    [
                        -0.44108,
                        52.13048,
                        0
                    ],
                    [
                        -0.44095,
                        52.13038,
                        0
                    ],
                    [
                        -0.44085,
                        52.13024,
                        0
                    ],
                    [
                        -0.44081,
                        52.13014,
                        0
                    ],
                    [
                        -0.44082,
                        52.13004,
                        0
                    ],
                    [
                        -0.44046,
                        52.12969,
                        0
                    ],
                    [
                        -0.43908,
                        52.12801,
                        0
                    ],
                    [
                        -0.43882,
                        52.12774,
                        0
                    ],
                    [
                        -0.43776,
                        52.12736,
                        0
                    ],
                    [
                        -0.43787,
                        52.12728,
                        0
                    ],
                    [
                        -0.43793,
                        52.12718,
                        0
                    ],
                    [
                        -0.43771,
                        52.12698,
                        0
                    ],
                    [
                        -0.43716,
                        52.12668,
                        0
                    ],
                    [
                        -0.43658,
                        52.12661,
                        0
                    ],
                    [
                        -0.43603,
                        52.12638,
                        0
                    ],
                    [
                        -0.43556,
                        52.12624,
                        0
                    ],
                    [
                        -0.43535,
                        52.12625,
                        0
                    ],
                    [
                        -0.4351,
                        52.12633,
                        0
                    ],
                    [
                        -0.43471,
                        52.12639,
                        0
                    ],
                    [
                        -0.43394,
                        52.12631,
                        0
                    ],
                    [
                        -0.43394,
                        52.12621,
                        0
                    ],
                    [
                        -0.43367,
                        52.12595,
                        0
                    ],
                    [
                        -0.43318,
                        52.12566,
                        0
                    ],
                    [
                        -0.43196,
                        52.12581,
                        0
                    ],
                    [
                        -0.43054,
                        52.12605,
                        0
                    ],
                    [
                        -0.43025,
                        52.12613,
                        0
                    ],
                    [
                        -0.42935,
                        52.12631,
                        0
                    ],
                    [
                        -0.42869,
                        52.12642,
                        0
                    ],
                    [
                        -0.42896,
                        52.12637,
                        0
                    ],
                    [
                        -0.42908,
                        52.12652,
                        0
                    ],
                    [
                        -0.42908,
                        52.12676,
                        0
                    ],
                    [
                        -0.42885,
                        52.12696,
                        0
                    ],
                    [
                        -0.42864,
                        52.1272,
                        0
                    ],
                    [
                        -0.42854,
                        52.12752,
                        0
                    ],
                    [
                        -0.42843,
                        52.12767,
                        0
                    ],
                    [
                        -0.42827,
                        52.12777,
                        0
                    ],
                    [
                        -0.42811,
                        52.12784,
                        0
                    ],
                    [
                        -0.42823,
                        52.12795,
                        0
                    ],
                    [
                        -0.42841,
                        52.12818,
                        0
                    ],
                    [
                        -0.42819,
                        52.12828,
                        0
                    ],
                    [
                        -0.42795,
                        52.12855,
                        0
                    ],
                    [
                        -0.42781,
                        52.12861,
                        0
                    ],
                    [
                        -0.42726,
                        52.12879,
                        0
                    ],
                    [
                        -0.42715,
                        52.12887,
                        0
                    ],
                    [
                        -0.42644,
                        52.12968,
                        0
                    ],
                    [
                        -0.42633,
                        52.12985,
                        0
                    ],
                    [
                        -0.42617,
                        52.13025,
                        0
                    ],
                    [
                        -0.4261,
                        52.13058,
                        0
                    ],
                    [
                        -0.42588,
                        52.13085,
                        0
                    ],
                    [
                        -0.42553,
                        52.13143,
                        0
                    ],
                    [
                        -0.42539,
                        52.13175,
                        0
                    ],
                    [
                        -0.42525,
                        52.13251,
                        0
                    ],
                    [
                        -0.42511,
                        52.13288,
                        0
                    ],
                    [
                        -0.42496,
                        52.1331,
                        0
                    ],
                    [
                        -0.42484,
                        52.13335,
                        0
                    ],
                    [
                        -0.42462,
                        52.13407,
                        0
                    ],
                    [
                        -0.42458,
                        52.13437,
                        0
                    ],
                    [
                        -0.42461,
                        52.13473,
                        0
                    ],
                    [
                        -0.4247,
                        52.13481,
                        0
                    ],
                    [
                        -0.42414,
                        52.13498,
                        0
                    ],
                    [
                        -0.42051,
                        52.13558,
                        0
                    ],
                    [
                        -0.41781,
                        52.13607,
                        0
                    ],
                    [
                        -0.41683,
                        52.13622,
                        0
                    ],
                    [
                        -0.41649,
                        52.13631,
                        0
                    ],
                    [
                        -0.41632,
                        52.13633,
                        0
                    ],
                    [
                        -0.41576,
                        52.13636,
                        0
                    ],
                    [
                        -0.41409,
                        52.13656,
                        0
                    ],
                    [
                        -0.41374,
                        52.13663,
                        0
                    ],
                    [
                        -0.41259,
                        52.13677,
                        0
                    ],
                    [
                        -0.41194,
                        52.13688,
                        0
                    ],
                    [
                        -0.41103,
                        52.13693,
                        0
                    ],
                    [
                        -0.41029,
                        52.13701,
                        0
                    ],
                    [
                        -0.41011,
                        52.13706,
                        0
                    ],
                    [
                        -0.40979,
                        52.13721,
                        0
                    ],
                    [
                        -0.4097,
                        52.13729,
                        0
                    ],
                    [
                        -0.40924,
                        52.13778,
                        0
                    ],
                    [
                        -0.40869,
                        52.13874,
                        0
                    ],
                    [
                        -0.40861,
                        52.13876,
                        0
                    ],
                    [
                        -0.4085,
                        52.13875,
                        0
                    ],
                    [
                        -0.4077,
                        52.13841,
                        0
                    ],
                    [
                        -0.40754,
                        52.13832,
                        0
                    ],
                    [
                        -0.40632,
                        52.13733,
                        0
                    ],
                    [
                        -0.40623,
                        52.13728,
                        0
                    ],
                    [
                        -0.40611,
                        52.13725,
                        0
                    ],
                    [
                        -0.40346,
                        52.13745,
                        0
                    ],
                    [
                        -0.40227,
                        52.13751,
                        0
                    ],
                    [
                        -0.40066,
                        52.13763,
                        0
                    ],
                    [
                        -0.40068,
                        52.13755,
                        0
                    ],
                    [
                        -0.40094,
                        52.13753,
                        0
                    ],
                    [
                        -0.40068,
                        52.13755,
                        0
                    ],
                    [
                        -0.40066,
                        52.13763,
                        0
                    ],
                    [
                        -0.4003,
                        52.13769,
                        0
                    ],
                    [
                        -0.4,
                        52.13781,
                        0
                    ],
                    [
                        -0.39936,
                        52.13789,
                        0
                    ],
                    [
                        -0.39871,
                        52.13792,
                        0
                    ],
                    [
                        -0.39458,
                        52.1382,
                        0
                    ],
                    [
                        -0.39423,
                        52.13826,
                        0
                    ],
                    [
                        -0.39386,
                        52.1384,
                        0
                    ],
                    [
                        -0.39166,
                        52.13905,
                        0
                    ],
                    [
                        -0.39134,
                        52.13909,
                        0
                    ],
                    [
                        -0.39069,
                        52.13931,
                        0
                    ],
                    [
                        -0.39045,
                        52.13936,
                        0
                    ],
                    [
                        -0.38878,
                        52.13948,
                        0
                    ],
                    [
                        -0.38834,
                        52.13955,
                        0
                    ],
                    [
                        -0.38781,
                        52.13959,
                        0
                    ],
                    [
                        -0.38749,
                        52.1392,
                        0
                    ],
                    [
                        -0.38691,
                        52.13859,
                        0
                    ],
                    [
                        -0.38656,
                        52.13859,
                        0
                    ],
                    [
                        -0.38624,
                        52.13862,
                        0
                    ],
                    [
                        -0.38575,
                        52.1387,
                        0
                    ],
                    [
                        -0.38476,
                        52.13872,
                        0
                    ],
                    [
                        -0.38216,
                        52.13888,
                        0
                    ],
                    [
                        -0.38168,
                        52.13889,
                        0
                    ],
                    [
                        -0.37728,
                        52.13922,
                        0
                    ],
                    [
                        -0.37245,
                        52.13961,
                        0
                    ],
                    [
                        -0.37043,
                        52.13983,
                        0
                    ],
                    [
                        -0.36867,
                        52.14009,
                        0
                    ],
                    [
                        -0.36809,
                        52.14015,
                        0
                    ],
                    [
                        -0.36775,
                        52.14034,
                        0
                    ],
                    [
                        -0.36781,
                        52.14059,
                        0
                    ],
                    [
                        -0.36778,
                        52.14063,
                        0
                    ],
                    [
                        -0.36762,
                        52.14066,
                        0
                    ],
                    [
                        -0.36649,
                        52.14072,
                        0
                    ],
                    [
                        -0.36573,
                        52.14084,
                        0
                    ],
                    [
                        -0.36532,
                        52.14099,
                        0
                    ],
                    [
                        -0.36464,
                        52.14137,
                        0
                    ],
                    [
                        -0.36443,
                        52.14147,
                        0
                    ],
                    [
                        -0.36346,
                        52.14215,
                        0
                    ],
                    [
                        -0.3632,
                        52.14227,
                        0
                    ],
                    [
                        -0.36297,
                        52.14238,
                        0
                    ],
                    [
                        -0.36197,
                        52.14276,
                        0
                    ],
                    [
                        -0.36158,
                        52.14286,
                        0
                    ],
                    [
                        -0.3614,
                        52.14297,
                        0
                    ],
                    [
                        -0.3613,
                        52.14311,
                        0
                    ],
                    [
                        -0.36129,
                        52.14316,
                        0
                    ],
                    [
                        -0.35962,
                        52.1438,
                        0
                    ],
                    [
                        -0.35762,
                        52.14448,
                        0
                    ],
                    [
                        -0.35562,
                        52.1452,
                        0
                    ],
                    [
                        -0.35538,
                        52.14532,
                        0
                    ],
                    [
                        -0.35528,
                        52.14534,
                        0
                    ],
                    [
                        -0.35414,
                        52.14542,
                        0
                    ],
                    [
                        -0.3539,
                        52.14543,
                        0
                    ],
                    [
                        -0.35368,
                        52.14542,
                        0
                    ],
                    [
                        -0.35264,
                        52.14549,
                        0
                    ],
                    [
                        -0.35258,
                        52.14555,
                        0
                    ],
                    [
                        -0.35245,
                        52.1456,
                        0
                    ],
                    [
                        -0.3523,
                        52.14572,
                        0
                    ],
                    [
                        -0.3522,
                        52.14577,
                        0
                    ],
                    [
                        -0.35193,
                        52.14582,
                        0
                    ],
                    [
                        -0.35142,
                        52.146,
                        0
                    ],
                    [
                        -0.3513,
                        52.14603,
                        0
                    ],
                    [
                        -0.35112,
                        52.14607,
                        0
                    ],
                    [
                        -0.35047,
                        52.14616,
                        0
                    ],
                    [
                        -0.35048,
                        52.14631,
                        0
                    ],
                    [
                        -0.35045,
                        52.14634,
                        0
                    ],
                    [
                        -0.35018,
                        52.14641,
                        0
                    ],
                    [
                        -0.34953,
                        52.14647,
                        0
                    ],
                    [
                        -0.34938,
                        52.14651,
                        0
                    ],
                    [
                        -0.34916,
                        52.14662,
                        0
                    ],
                    [
                        -0.34878,
                        52.14692,
                        0
                    ],
                    [
                        -0.34916,
                        52.14662,
                        0
                    ],
                    [
                        -0.34907,
                        52.14662,
                        0
                    ],
                    [
                        -0.34872,
                        52.1465,
                        0
                    ],
                    [
                        -0.3485,
                        52.14646,
                        0
                    ],
                    [
                        -0.34772,
                        52.14645,
                        0
                    ],
                    [
                        -0.34747,
                        52.14649,
                        0
                    ],
                    [
                        -0.34739,
                        52.14653,
                        0
                    ],
                    [
                        -0.34688,
                        52.14694,
                        0
                    ],
                    [
                        -0.34641,
                        52.14737,
                        0
                    ],
                    [
                        -0.34631,
                        52.14742,
                        0
                    ],
                    [
                        -0.34612,
                        52.14743,
                        0
                    ],
                    [
                        -0.346,
                        52.14749,
                        0
                    ],
                    [
                        -0.34579,
                        52.14782,
                        0
                    ],
                    [
                        -0.34574,
                        52.14794,
                        0
                    ],
                    [
                        -0.34567,
                        52.14834,
                        0
                    ],
                    [
                        -0.34559,
                        52.14861,
                        0
                    ],
                    [
                        -0.34547,
                        52.14881,
                        0
                    ],
                    [
                        -0.34501,
                        52.14934,
                        0
                    ],
                    [
                        -0.34498,
                        52.1494,
                        0
                    ],
                    [
                        -0.34422,
                        52.15023,
                        0
                    ],
                    [
                        -0.34399,
                        52.15064,
                        0
                    ],
                    [
                        -0.34386,
                        52.15092,
                        0
                    ]
                ]
            },
            "properties": {
                "name": "Bedford to Great Barford",
                "distance": 11,
                "link": "/walks/1-bedford-to-great-barford-11-km.html",
                "image": "/assets/images/2/great_barford.jpg",
				"description": "Head through nature reserves, matchstick woodlands and past a medieval dovecote to reach the popular paddle spot at Great Barford. You could also paddle there.",
				"stroke": "#f57c00",
				"stroke-opacity": 1,
				"strokewidth": 4
            }
        },
        {
            "type": "Feature",
            "geometry": {
                "type": "LineString",
                "coordinates": [
                    [
                        -0.34394,
                        52.15156,
                        0
                    ],
                    [
                        -0.34368,
                        52.15138,
                        0
                    ],
                    [
                        -0.34361,
                        52.15139,
                        0
                    ],
                    [
                        -0.34352,
                        52.15154,
                        0
                    ],
                    [
                        -0.34306,
                        52.1526,
                        0
                    ],
                    [
                        -0.34106,
                        52.15596,
                        0
                    ],
                    [
                        -0.34092,
                        52.15595,
                        0
                    ],
                    [
                        -0.34038,
                        52.1558,
                        0
                    ],
                    [
                        -0.33972,
                        52.15565,
                        0
                    ],
                    [
                        -0.33965,
                        52.15561,
                        0
                    ],
                    [
                        -0.33965,
                        52.15553,
                        0
                    ],
                    [
                        -0.33984,
                        52.15524,
                        0
                    ],
                    [
                        -0.33988,
                        52.15513,
                        0
                    ],
                    [
                        -0.33973,
                        52.15507,
                        0
                    ],
                    [
                        -0.33783,
                        52.15459,
                        0
                    ],
                    [
                        -0.33761,
                        52.15462,
                        0
                    ],
                    [
                        -0.33747,
                        52.15468,
                        0
                    ],
                    [
                        -0.33689,
                        52.15498,
                        0
                    ],
                    [
                        -0.33597,
                        52.15565,
                        0
                    ],
                    [
                        -0.33563,
                        52.15594,
                        0
                    ],
                    [
                        -0.33531,
                        52.15625,
                        0
                    ],
                    [
                        -0.33483,
                        52.15682,
                        0
                    ],
                    [
                        -0.33412,
                        52.15756,
                        0
                    ],
                    [
                        -0.33408,
                        52.15764,
                        0
                    ],
                    [
                        -0.33406,
                        52.1578,
                        0
                    ],
                    [
                        -0.33407,
                        52.15801,
                        0
                    ],
                    [
                        -0.33426,
                        52.1585,
                        0
                    ],
                    [
                        -0.33429,
                        52.15873,
                        0
                    ],
                    [
                        -0.33429,
                        52.15897,
                        0
                    ],
                    [
                        -0.33426,
                        52.15913,
                        0
                    ],
                    [
                        -0.3342,
                        52.15926,
                        0
                    ],
                    [
                        -0.33385,
                        52.15961,
                        0
                    ],
                    [
                        -0.3337,
                        52.15994,
                        0
                    ],
                    [
                        -0.33368,
                        52.16009,
                        0
                    ],
                    [
                        -0.33356,
                        52.16036,
                        0
                    ],
                    [
                        -0.33312,
                        52.16091,
                        0
                    ],
                    [
                        -0.33311,
                        52.16099,
                        0
                    ],
                    [
                        -0.33301,
                        52.1611,
                        0
                    ],
                    [
                        -0.33285,
                        52.16122,
                        0
                    ],
                    [
                        -0.33258,
                        52.16151,
                        0
                    ],
                    [
                        -0.33246,
                        52.16171,
                        0
                    ],
                    [
                        -0.33218,
                        52.16237,
                        0
                    ],
                    [
                        -0.33202,
                        52.16299,
                        0
                    ],
                    [
                        -0.33161,
                        52.16358,
                        0
                    ],
                    [
                        -0.33123,
                        52.1642,
                        0
                    ],
                    [
                        -0.33107,
                        52.16435,
                        0
                    ],
                    [
                        -0.33101,
                        52.16446,
                        0
                    ],
                    [
                        -0.331,
                        52.16456,
                        0
                    ],
                    [
                        -0.33041,
                        52.16541,
                        0
                    ],
                    [
                        -0.33017,
                        52.16562,
                        0
                    ],
                    [
                        -0.32995,
                        52.16576,
                        0
                    ],
                    [
                        -0.32977,
                        52.16582,
                        0
                    ],
                    [
                        -0.32902,
                        52.16597,
                        0
                    ],
                    [
                        -0.32849,
                        52.16598,
                        0
                    ],
                    [
                        -0.32816,
                        52.166,
                        0
                    ],
                    [
                        -0.32769,
                        52.16606,
                        0
                    ],
                    [
                        -0.32763,
                        52.16608,
                        0
                    ],
                    [
                        -0.32737,
                        52.16636,
                        0
                    ],
                    [
                        -0.32679,
                        52.16689,
                        0
                    ],
                    [
                        -0.32666,
                        52.16697,
                        0
                    ],
                    [
                        -0.32652,
                        52.16701,
                        0
                    ],
                    [
                        -0.32625,
                        52.16706,
                        0
                    ],
                    [
                        -0.32603,
                        52.16714,
                        0
                    ],
                    [
                        -0.32577,
                        52.16713,
                        0
                    ],
                    [
                        -0.32538,
                        52.16703,
                        0
                    ],
                    [
                        -0.32486,
                        52.16683,
                        0
                    ],
                    [
                        -0.32458,
                        52.1668,
                        0
                    ],
                    [
                        -0.32423,
                        52.16678,
                        0
                    ],
                    [
                        -0.32404,
                        52.1668,
                        0
                    ],
                    [
                        -0.32389,
                        52.16683,
                        0
                    ],
                    [
                        -0.32341,
                        52.16711,
                        0
                    ],
                    [
                        -0.32328,
                        52.16715,
                        0
                    ],
                    [
                        -0.32302,
                        52.16719,
                        0
                    ],
                    [
                        -0.32229,
                        52.16723,
                        0
                    ],
                    [
                        -0.32197,
                        52.16728,
                        0
                    ],
                    [
                        -0.32178,
                        52.1674,
                        0
                    ],
                    [
                        -0.32171,
                        52.16749,
                        0
                    ],
                    [
                        -0.3217,
                        52.16761,
                        0
                    ],
                    [
                        -0.32185,
                        52.16788,
                        0
                    ],
                    [
                        -0.32215,
                        52.16822,
                        0
                    ],
                    [
                        -0.32217,
                        52.16835,
                        0
                    ],
                    [
                        -0.32213,
                        52.16854,
                        0
                    ],
                    [
                        -0.32206,
                        52.16868,
                        0
                    ],
                    [
                        -0.3219,
                        52.16885,
                        0
                    ],
                    [
                        -0.32158,
                        52.16906,
                        0
                    ],
                    [
                        -0.32147,
                        52.16908,
                        0
                    ],
                    [
                        -0.32135,
                        52.16909,
                        0
                    ],
                    [
                        -0.32092,
                        52.16905,
                        0
                    ],
                    [
                        -0.3207,
                        52.16901,
                        0
                    ],
                    [
                        -0.32018,
                        52.16878,
                        0
                    ],
                    [
                        -0.31969,
                        52.16862,
                        0
                    ],
                    [
                        -0.31719,
                        52.16799,
                        0
                    ],
                    [
                        -0.31492,
                        52.1678,
                        0
                    ],
                    [
                        -0.31362,
                        52.16745,
                        0
                    ],
                    [
                        -0.31239,
                        52.16747,
                        0
                    ],
                    [
                        -0.31123,
                        52.16743,
                        0
                    ],
                    [
                        -0.31085,
                        52.16736,
                        0
                    ],
                    [
                        -0.30887,
                        52.16666,
                        0
                    ],
                    [
                        -0.30858,
                        52.16664,
                        0
                    ],
                    [
                        -0.30832,
                        52.16666,
                        0
                    ],
                    [
                        -0.30668,
                        52.16705,
                        0
                    ],
                    [
                        -0.30536,
                        52.1674,
                        0
                    ],
                    [
                        -0.30535,
                        52.16747,
                        0
                    ],
                    [
                        -0.30509,
                        52.16775,
                        0
                    ],
                    [
                        -0.30493,
                        52.16777,
                        0
                    ],
                    [
                        -0.30474,
                        52.16782,
                        0
                    ],
                    [
                        -0.30461,
                        52.16793,
                        0
                    ],
                    [
                        -0.30437,
                        52.16808,
                        0
                    ],
                    [
                        -0.3042,
                        52.16812,
                        0
                    ],
                    [
                        -0.30403,
                        52.16812,
                        0
                    ],
                    [
                        -0.30393,
                        52.16815,
                        0
                    ],
                    [
                        -0.30384,
                        52.16822,
                        0
                    ],
                    [
                        -0.30378,
                        52.16829,
                        0
                    ],
                    [
                        -0.30378,
                        52.16843,
                        0
                    ],
                    [
                        -0.30395,
                        52.16861,
                        0
                    ],
                    [
                        -0.30412,
                        52.16888,
                        0
                    ],
                    [
                        -0.30415,
                        52.169,
                        0
                    ],
                    [
                        -0.30415,
                        52.16918,
                        0
                    ],
                    [
                        -0.30384,
                        52.16987,
                        0
                    ],
                    [
                        -0.30376,
                        52.17033,
                        0
                    ],
                    [
                        -0.30361,
                        52.17076,
                        0
                    ],
                    [
                        -0.30359,
                        52.17103,
                        0
                    ],
                    [
                        -0.30361,
                        52.17112,
                        0
                    ],
                    [
                        -0.30378,
                        52.17135,
                        0
                    ],
                    [
                        -0.30378,
                        52.17154,
                        0
                    ],
                    [
                        -0.30382,
                        52.1717,
                        0
                    ],
                    [
                        -0.30396,
                        52.172,
                        0
                    ],
                    [
                        -0.30398,
                        52.17213,
                        0
                    ],
                    [
                        -0.30392,
                        52.17241,
                        0
                    ],
                    [
                        -0.30397,
                        52.17248,
                        0
                    ],
                    [
                        -0.30407,
                        52.17252,
                        0
                    ],
                    [
                        -0.30491,
                        52.17254,
                        0
                    ],
                    [
                        -0.30507,
                        52.17256,
                        0
                    ],
                    [
                        -0.30583,
                        52.17272,
                        0
                    ],
                    [
                        -0.30583,
                        52.17278,
                        0
                    ],
                    [
                        -0.307,
                        52.17302,
                        0
                    ],
                    [
                        -0.30758,
                        52.17301,
                        0
                    ],
                    [
                        -0.30846,
                        52.17313,
                        0
                    ],
                    [
                        -0.3111,
                        52.17363,
                        0
                    ],
                    [
                        -0.31299,
                        52.17396,
                        0
                    ],
                    [
                        -0.31424,
                        52.17413,
                        0
                    ],
                    [
                        -0.31411,
                        52.17426,
                        0
                    ],
                    [
                        -0.3137,
                        52.17481,
                        0
                    ],
                    [
                        -0.3135,
                        52.17527,
                        0
                    ],
                    [
                        -0.31349,
                        52.17539,
                        0
                    ],
                    [
                        -0.31355,
                        52.17561,
                        0
                    ],
                    [
                        -0.31353,
                        52.17581,
                        0
                    ],
                    [
                        -0.31356,
                        52.17591,
                        0
                    ],
                    [
                        -0.31355,
                        52.17612,
                        0
                    ],
                    [
                        -0.31358,
                        52.17621,
                        0
                    ],
                    [
                        -0.31381,
                        52.17641,
                        0
                    ],
                    [
                        -0.31397,
                        52.17672,
                        0
                    ],
                    [
                        -0.31426,
                        52.17692,
                        0
                    ],
                    [
                        -0.31429,
                        52.17701,
                        0
                    ],
                    [
                        -0.31458,
                        52.17699,
                        0
                    ],
                    [
                        -0.31504,
                        52.17714,
                        0
                    ],
                    [
                        -0.3151,
                        52.17719,
                        0
                    ],
                    [
                        -0.31514,
                        52.17738,
                        0
                    ],
                    [
                        -0.31489,
                        52.1774,
                        0
                    ],
                    [
                        -0.31493,
                        52.17792,
                        0
                    ],
                    [
                        -0.31481,
                        52.17856,
                        0
                    ],
                    [
                        -0.31376,
                        52.18202,
                        0
                    ],
                    [
                        -0.31224,
                        52.18251,
                        0
                    ],
                    [
                        -0.31104,
                        52.18288,
                        0
                    ],
                    [
                        -0.31156,
                        52.18355,
                        0
                    ],
                    [
                        -0.31198,
                        52.18425,
                        0
                    ],
                    [
                        -0.31248,
                        52.18524,
                        0
                    ],
                    [
                        -0.3119,
                        52.18497,
                        0
                    ],
                    [
                        -0.31008,
                        52.18517,
                        0
                    ],
                    [
                        -0.30968,
                        52.18594,
                        0
                    ],
                    [
                        -0.30986,
                        52.18813,
                        0
                    ],
                    [
                        -0.30972,
                        52.18864,
                        0
                    ],
                    [
                        -0.31025,
                        52.1907,
                        0
                    ],
                    [
                        -0.31041,
                        52.19157,
                        0
                    ],
                    [
                        -0.31081,
                        52.19157,
                        0
                    ],
                    [
                        -0.31178,
                        52.1916,
                        0
                    ],
                    [
                        -0.3125,
                        52.19159,
                        0
                    ],
                    [
                        -0.31178,
                        52.1916,
                        0
                    ],
                    [
                        -0.3114,
                        52.19159,
                        0
                    ],
                    [
                        -0.31147,
                        52.19273,
                        0
                    ],
                    [
                        -0.31165,
                        52.19329,
                        0
                    ],
                    [
                        -0.31214,
                        52.19397,
                        0
                    ],
                    [
                        -0.3121,
                        52.19412,
                        0
                    ],
                    [
                        -0.31232,
                        52.19574,
                        0
                    ],
                    [
                        -0.31249,
                        52.19671,
                        0
                    ],
                    [
                        -0.3124,
                        52.19724,
                        0
                    ],
                    [
                        -0.31236,
                        52.19791,
                        0
                    ],
                    [
                        -0.31233,
                        52.19797,
                        0
                    ],
                    [
                        -0.31232,
                        52.19839,
                        0
                    ],
                    [
                        -0.31245,
                        52.19857,
                        0
                    ],
                    [
                        -0.31242,
                        52.19865,
                        0
                    ],
                    [
                        -0.31244,
                        52.19876,
                        0
                    ],
                    [
                        -0.31273,
                        52.19903,
                        0
                    ],
                    [
                        -0.31272,
                        52.19916,
                        0
                    ],
                    [
                        -0.31293,
                        52.19921,
                        0
                    ],
                    [
                        -0.31272,
                        52.19916,
                        0
                    ],
                    [
                        -0.31165,
                        52.19898,
                        0
                    ],
                    [
                        -0.31061,
                        52.19868,
                        0
                    ],
                    [
                        -0.30945,
                        52.19839,
                        0
                    ],
                    [
                        -0.30796,
                        52.19794,
                        0
                    ],
                    [
                        -0.3073,
                        52.19783,
                        0
                    ],
                    [
                        -0.30563,
                        52.19764,
                        0
                    ],
                    [
                        -0.3047,
                        52.19748,
                        0
                    ],
                    [
                        -0.30405,
                        52.19733,
                        0
                    ],
                    [
                        -0.3033,
                        52.19705,
                        0
                    ],
                    [
                        -0.30208,
                        52.19647,
                        0
                    ],
                    [
                        -0.30112,
                        52.19626,
                        0
                    ],
                    [
                        -0.30008,
                        52.19579,
                        0
                    ],
                    [
                        -0.29936,
                        52.19536,
                        0
                    ],
                    [
                        -0.29904,
                        52.19519,
                        0
                    ],
                    [
                        -0.29901,
                        52.19522,
                        0
                    ],
                    [
                        -0.29872,
                        52.1951,
                        0
                    ],
                    [
                        -0.29865,
                        52.19511,
                        0
                    ],
                    [
                        -0.29861,
                        52.19518,
                        0
                    ],
                    [
                        -0.2985,
                        52.19644,
                        0
                    ],
                    [
                        -0.2984,
                        52.19689,
                        0
                    ],
                    [
                        -0.2981,
                        52.19794,
                        0
                    ],
                    [
                        -0.29791,
                        52.19843,
                        0
                    ],
                    [
                        -0.29736,
                        52.19837,
                        0
                    ],
                    [
                        -0.29736,
                        52.1985,
                        0
                    ],
                    [
                        -0.29716,
                        52.19903,
                        0
                    ],
                    [
                        -0.29662,
                        52.20015,
                        0
                    ],
                    [
                        -0.29554,
                        52.20235,
                        0
                    ],
                    [
                        -0.29495,
                        52.20348,
                        0
                    ],
                    [
                        -0.29474,
                        52.20378,
                        0
                    ],
                    [
                        -0.29439,
                        52.20416,
                        0
                    ],
                    [
                        -0.29325,
                        52.20519,
                        0
                    ],
                    [
                        -0.29197,
                        52.20605,
                        0
                    ],
                    [
                        -0.29177,
                        52.20617,
                        0
                    ],
                    [
                        -0.29168,
                        52.20619,
                        0
                    ],
                    [
                        -0.29153,
                        52.20627,
                        0
                    ],
                    [
                        -0.2915,
                        52.20624,
                        0
                    ],
                    [
                        -0.29143,
                        52.20628,
                        0
                    ],
                    [
                        -0.29136,
                        52.2062,
                        0
                    ],
                    [
                        -0.29126,
                        52.20623,
                        0
                    ],
                    [
                        -0.29049,
                        52.20674,
                        0
                    ],
                    [
                        -0.29024,
                        52.20692,
                        0
                    ],
                    [
                        -0.29007,
                        52.20698,
                        0
                    ],
                    [
                        -0.2899,
                        52.20701,
                        0
                    ],
                    [
                        -0.2897,
                        52.20701,
                        0
                    ],
                    [
                        -0.28942,
                        52.20698,
                        0
                    ],
                    [
                        -0.28923,
                        52.20699,
                        0
                    ],
                    [
                        -0.2891,
                        52.20705,
                        0
                    ],
                    [
                        -0.28906,
                        52.20716,
                        0
                    ],
                    [
                        -0.28913,
                        52.20723,
                        0
                    ],
                    [
                        -0.28919,
                        52.20726,
                        0
                    ],
                    [
                        -0.28966,
                        52.2073,
                        0
                    ],
                    [
                        -0.28962,
                        52.20745,
                        0
                    ],
                    [
                        -0.28994,
                        52.20752,
                        0
                    ],
                    [
                        -0.29011,
                        52.20758,
                        0
                    ],
                    [
                        -0.29023,
                        52.20768,
                        0
                    ],
                    [
                        -0.29027,
                        52.20781,
                        0
                    ],
                    [
                        -0.29017,
                        52.20807,
                        0
                    ],
                    [
                        -0.28994,
                        52.20841,
                        0
                    ],
                    [
                        -0.28973,
                        52.20896,
                        0
                    ],
                    [
                        -0.28968,
                        52.20921,
                        0
                    ],
                    [
                        -0.2895,
                        52.20942,
                        0
                    ],
                    [
                        -0.28941,
                        52.20947,
                        0
                    ],
                    [
                        -0.28945,
                        52.20954,
                        0
                    ],
                    [
                        -0.28944,
                        52.20963,
                        0
                    ],
                    [
                        -0.28954,
                        52.20964,
                        0
                    ],
                    [
                        -0.28965,
                        52.20968,
                        0
                    ],
                    [
                        -0.28971,
                        52.20974,
                        0
                    ],
                    [
                        -0.28976,
                        52.20984,
                        0
                    ],
                    [
                        -0.28983,
                        52.21024,
                        0
                    ],
                    [
                        -0.28969,
                        52.21029,
                        0
                    ],
                    [
                        -0.28968,
                        52.21031,
                        0
                    ],
                    [
                        -0.28971,
                        52.21037,
                        0
                    ],
                    [
                        -0.2898,
                        52.21044,
                        0
                    ],
                    [
                        -0.2899,
                        52.21073,
                        0
                    ],
                    [
                        -0.29001,
                        52.21134,
                        0
                    ],
                    [
                        -0.29023,
                        52.21219,
                        0
                    ],
                    [
                        -0.29035,
                        52.21273,
                        0
                    ],
                    [
                        -0.2904,
                        52.21325,
                        0
                    ],
                    [
                        -0.29036,
                        52.21348,
                        0
                    ],
                    [
                        -0.29016,
                        52.21399,
                        0
                    ],
                    [
                        -0.28983,
                        52.21436,
                        0
                    ],
                    [
                        -0.2897,
                        52.21454,
                        0
                    ],
                    [
                        -0.28963,
                        52.21453,
                        0
                    ],
                    [
                        -0.28923,
                        52.21486,
                        0
                    ],
                    [
                        -0.28921,
                        52.21499,
                        0
                    ],
                    [
                        -0.28919,
                        52.21511,
                        0
                    ],
                    [
                        -0.28736,
                        52.21507,
                        0
                    ],
                    [
                        -0.2868,
                        52.21503,
                        0
                    ],
                    [
                        -0.28658,
                        52.21498,
                        0
                    ],
                    [
                        -0.28557,
                        52.21464,
                        0
                    ],
                    [
                        -0.28532,
                        52.21458,
                        0
                    ],
                    [
                        -0.28498,
                        52.21456,
                        0
                    ],
                    [
                        -0.28399,
                        52.21458,
                        0
                    ],
                    [
                        -0.28386,
                        52.21455,
                        0
                    ],
                    [
                        -0.2836,
                        52.21455,
                        0
                    ],
                    [
                        -0.28357,
                        52.21442,
                        0
                    ],
                    [
                        -0.28348,
                        52.21428,
                        0
                    ],
                    [
                        -0.28327,
                        52.2141,
                        0
                    ],
                    [
                        -0.28323,
                        52.21412,
                        0
                    ],
                    [
                        -0.28317,
                        52.21405,
                        0
                    ],
                    [
                        -0.28311,
                        52.21405,
                        0
                    ],
                    [
                        -0.28257,
                        52.21376,
                        0
                    ],
                    [
                        -0.2824,
                        52.21376,
                        0
                    ],
                    [
                        -0.28239,
                        52.21371,
                        0
                    ],
                    [
                        -0.28241,
                        52.21367,
                        0
                    ],
                    [
                        -0.28238,
                        52.21349,
                        0
                    ],
                    [
                        -0.28228,
                        52.21343,
                        0
                    ],
                    [
                        -0.28213,
                        52.2134,
                        0
                    ],
                    [
                        -0.28171,
                        52.21349,
                        0
                    ],
                    [
                        -0.28173,
                        52.21354,
                        0
                    ],
                    [
                        -0.28167,
                        52.21364,
                        0
                    ],
                    [
                        -0.28186,
                        52.21388,
                        0
                    ],
                    [
                        -0.28184,
                        52.21392,
                        0
                    ],
                    [
                        -0.28207,
                        52.21425,
                        0
                    ],
                    [
                        -0.28221,
                        52.21439,
                        0
                    ],
                    [
                        -0.28228,
                        52.21454,
                        0
                    ],
                    [
                        -0.28237,
                        52.21485,
                        0
                    ],
                    [
                        -0.28229,
                        52.21522,
                        0
                    ],
                    [
                        -0.28211,
                        52.21558,
                        0
                    ],
                    [
                        -0.28203,
                        52.21642,
                        0
                    ],
                    [
                        -0.28208,
                        52.2165,
                        0
                    ],
                    [
                        -0.28202,
                        52.2168,
                        0
                    ],
                    [
                        -0.28208,
                        52.21682,
                        0
                    ],
                    [
                        -0.28186,
                        52.21751,
                        0
                    ],
                    [
                        -0.2817,
                        52.21781,
                        0
                    ],
                    [
                        -0.28147,
                        52.21816,
                        0
                    ],
                    [
                        -0.28134,
                        52.21827,
                        0
                    ],
                    [
                        -0.28064,
                        52.21867,
                        0
                    ],
                    [
                        -0.28032,
                        52.21888,
                        0
                    ],
                    [
                        -0.27989,
                        52.21908,
                        0
                    ],
                    [
                        -0.2797,
                        52.2192,
                        0
                    ],
                    [
                        -0.27952,
                        52.21924,
                        0
                    ],
                    [
                        -0.27914,
                        52.2193,
                        0
                    ],
                    [
                        -0.2787,
                        52.21923,
                        0
                    ],
                    [
                        -0.27857,
                        52.21924,
                        0
                    ],
                    [
                        -0.27849,
                        52.21928,
                        0
                    ],
                    [
                        -0.27808,
                        52.21956,
                        0
                    ],
                    [
                        -0.27621,
                        52.22087,
                        0
                    ],
                    [
                        -0.27538,
                        52.2211,
                        0
                    ],
                    [
                        -0.27491,
                        52.2215,
                        0
                    ],
                    [
                        -0.27477,
                        52.22166,
                        0
                    ],
                    [
                        -0.27437,
                        52.22179,
                        0
                    ],
                    [
                        -0.27368,
                        52.22186,
                        0
                    ],
                    [
                        -0.27307,
                        52.22203,
                        0
                    ],
                    [
                        -0.27296,
                        52.22203,
                        0
                    ],
                    [
                        -0.27242,
                        52.22219,
                        0
                    ],
                    [
                        -0.27236,
                        52.22222,
                        0
                    ],
                    [
                        -0.27236,
                        52.22233,
                        0
                    ],
                    [
                        -0.27229,
                        52.22239,
                        0
                    ],
                    [
                        -0.2735,
                        52.22285,
                        0
                    ],
                    [
                        -0.27372,
                        52.22301,
                        0
                    ],
                    [
                        -0.27404,
                        52.22328,
                        0
                    ],
                    [
                        -0.27407,
                        52.22333,
                        0
                    ],
                    [
                        -0.274,
                        52.22354,
                        0
                    ],
                    [
                        -0.27361,
                        52.22385,
                        0
                    ],
                    [
                        -0.27366,
                        52.22405,
                        0
                    ],
                    [
                        -0.27372,
                        52.22447,
                        0
                    ],
                    [
                        -0.27359,
                        52.22455,
                        0
                    ],
                    [
                        -0.27346,
                        52.22469,
                        0
                    ],
                    [
                        -0.27344,
                        52.22478,
                        0
                    ],
                    [
                        -0.27346,
                        52.22489,
                        0
                    ],
                    [
                        -0.27333,
                        52.22489,
                        0
                    ],
                    [
                        -0.27297,
                        52.22484,
                        0
                    ],
                    [
                        -0.27306,
                        52.22495,
                        0
                    ],
                    [
                        -0.27312,
                        52.22509,
                        0
                    ],
                    [
                        -0.27341,
                        52.22528,
                        0
                    ],
                    [
                        -0.27348,
                        52.22537,
                        0
                    ],
                    [
                        -0.27359,
                        52.22581,
                        0
                    ],
                    [
                        -0.27373,
                        52.22589,
                        0
                    ],
                    [
                        -0.27367,
                        52.22595,
                        0
                    ],
                    [
                        -0.2737,
                        52.22603,
                        0
                    ],
                    [
                        -0.27392,
                        52.22615,
                        0
                    ],
                    [
                        -0.274,
                        52.22627,
                        0
                    ],
                    [
                        -0.27411,
                        52.22632,
                        0
                    ],
                    [
                        -0.27406,
                        52.22634,
                        0
                    ],
                    [
                        -0.27396,
                        52.22645,
                        0
                    ],
                    [
                        -0.2743,
                        52.2265,
                        0
                    ]
                ]
            },
            "properties": {
                "name": "Great Barford to St Neots",
                "distance": 15.5,
                "link": "/walks/2-great-barford-to-st-neots-155-km.html",
                "image": "/assets/images/2/roxton_church.jpg",
				"description": "Head through bucolic fields along the Great Ouse and contrast with the great building works along the Great North Road.",
				"stroke": "#f57c00",
				"stroke-opacity": 1,
				"strokewidth": 4
            }
        },
        {
            "type": "Feature",
            "geometry": {
                "type": "LineString",
                "coordinates": [
                    [
                        -0.27306,
                        52.22733,
                        0
                    ],
                    [
                        -0.27175,
                        52.22764,
                        0
                    ],
                    [
                        -0.27152,
                        52.22771,
                        0
                    ],
                    [
                        -0.27118,
                        52.22777,
                        0
                    ],
                    [
                        -0.27128,
                        52.22821,
                        0
                    ],
                    [
                        -0.2712,
                        52.22827,
                        0
                    ],
                    [
                        -0.27126,
                        52.22835,
                        0
                    ],
                    [
                        -0.27129,
                        52.22835,
                        0
                    ],
                    [
                        -0.27131,
                        52.22867,
                        0
                    ],
                    [
                        -0.27087,
                        52.22946,
                        0
                    ],
                    [
                        -0.27048,
                        52.23037,
                        0
                    ],
                    [
                        -0.27043,
                        52.23036,
                        0
                    ],
                    [
                        -0.2703,
                        52.23062,
                        0
                    ],
                    [
                        -0.27015,
                        52.23082,
                        0
                    ],
                    [
                        -0.2701,
                        52.23082,
                        0
                    ],
                    [
                        -0.27009,
                        52.23085,
                        0
                    ],
                    [
                        -0.27013,
                        52.23086,
                        0
                    ],
                    [
                        -0.26994,
                        52.23117,
                        0
                    ],
                    [
                        -0.26993,
                        52.23128,
                        0
                    ],
                    [
                        -0.27133,
                        52.23244,
                        0
                    ],
                    [
                        -0.27208,
                        52.23248,
                        0
                    ],
                    [
                        -0.27335,
                        52.23245,
                        0
                    ],
                    [
                        -0.2736,
                        52.2325,
                        0
                    ],
                    [
                        -0.27374,
                        52.23259,
                        0
                    ],
                    [
                        -0.27403,
                        52.23306,
                        0
                    ],
                    [
                        -0.2744,
                        52.23354,
                        0
                    ],
                    [
                        -0.27444,
                        52.23366,
                        0
                    ],
                    [
                        -0.2744,
                        52.23385,
                        0
                    ],
                    [
                        -0.27434,
                        52.23399,
                        0
                    ],
                    [
                        -0.27377,
                        52.23482,
                        0
                    ],
                    [
                        -0.27331,
                        52.23536,
                        0
                    ],
                    [
                        -0.27287,
                        52.23625,
                        0
                    ],
                    [
                        -0.27279,
                        52.2364,
                        0
                    ],
                    [
                        -0.27247,
                        52.23684,
                        0
                    ],
                    [
                        -0.27176,
                        52.23747,
                        0
                    ],
                    [
                        -0.27105,
                        52.23798,
                        0
                    ],
                    [
                        -0.27075,
                        52.23815,
                        0
                    ],
                    [
                        -0.27063,
                        52.23816,
                        0
                    ],
                    [
                        -0.26973,
                        52.23806,
                        0
                    ],
                    [
                        -0.26907,
                        52.23802,
                        0
                    ],
                    [
                        -0.26843,
                        52.23811,
                        0
                    ],
                    [
                        -0.26411,
                        52.2398,
                        0
                    ],
                    [
                        -0.26379,
                        52.23999,
                        0
                    ],
                    [
                        -0.2636,
                        52.23997,
                        0
                    ],
                    [
                        -0.26353,
                        52.24007,
                        0
                    ],
                    [
                        -0.26354,
                        52.24007,
                        0
                    ],
                    [
                        -0.26344,
                        52.24006,
                        0
                    ],
                    [
                        -0.26341,
                        52.24015,
                        0
                    ],
                    [
                        -0.26332,
                        52.24021,
                        0
                    ],
                    [
                        -0.26322,
                        52.24039,
                        0
                    ],
                    [
                        -0.26305,
                        52.24113,
                        0
                    ],
                    [
                        -0.26306,
                        52.24128,
                        0
                    ],
                    [
                        -0.2634,
                        52.24224,
                        0
                    ],
                    [
                        -0.26356,
                        52.24237,
                        0
                    ],
                    [
                        -0.2638,
                        52.24266,
                        0
                    ],
                    [
                        -0.26428,
                        52.24309,
                        0
                    ],
                    [
                        -0.26359,
                        52.24333,
                        0
                    ],
                    [
                        -0.26326,
                        52.24343,
                        0
                    ],
                    [
                        -0.26257,
                        52.24357,
                        0
                    ],
                    [
                        -0.26221,
                        52.24368,
                        0
                    ],
                    [
                        -0.26152,
                        52.24398,
                        0
                    ],
                    [
                        -0.26041,
                        52.24442,
                        0
                    ],
                    [
                        -0.26024,
                        52.24451,
                        0
                    ],
                    [
                        -0.25919,
                        52.24493,
                        0
                    ],
                    [
                        -0.25882,
                        52.24506,
                        0
                    ],
                    [
                        -0.25856,
                        52.2452,
                        0
                    ],
                    [
                        -0.25793,
                        52.24526,
                        0
                    ],
                    [
                        -0.25779,
                        52.24533,
                        0
                    ],
                    [
                        -0.25738,
                        52.24547,
                        0
                    ],
                    [
                        -0.25714,
                        52.2455,
                        0
                    ],
                    [
                        -0.25513,
                        52.24589,
                        0
                    ],
                    [
                        -0.25435,
                        52.24602,
                        0
                    ],
                    [
                        -0.25282,
                        52.24639,
                        0
                    ],
                    [
                        -0.25047,
                        52.24708,
                        0
                    ],
                    [
                        -0.24848,
                        52.2476,
                        0
                    ],
                    [
                        -0.24725,
                        52.24774,
                        0
                    ],
                    [
                        -0.24649,
                        52.24775,
                        0
                    ],
                    [
                        -0.24513,
                        52.2477,
                        0
                    ],
                    [
                        -0.24513,
                        52.24762,
                        0
                    ],
                    [
                        -0.24508,
                        52.24753,
                        0
                    ],
                    [
                        -0.24492,
                        52.24744,
                        0
                    ],
                    [
                        -0.24464,
                        52.24734,
                        0
                    ],
                    [
                        -0.24432,
                        52.24726,
                        0
                    ],
                    [
                        -0.24399,
                        52.24724,
                        0
                    ],
                    [
                        -0.2434,
                        52.2473,
                        0
                    ],
                    [
                        -0.24289,
                        52.2474,
                        0
                    ],
                    [
                        -0.24266,
                        52.24746,
                        0
                    ],
                    [
                        -0.2419,
                        52.24758,
                        0
                    ],
                    [
                        -0.24167,
                        52.24767,
                        0
                    ],
                    [
                        -0.24148,
                        52.24784,
                        0
                    ],
                    [
                        -0.24083,
                        52.24832,
                        0
                    ],
                    [
                        -0.24053,
                        52.24867,
                        0
                    ],
                    [
                        -0.24009,
                        52.24908,
                        0
                    ],
                    [
                        -0.23948,
                        52.24977,
                        0
                    ],
                    [
                        -0.23837,
                        52.25153,
                        0
                    ],
                    [
                        -0.23831,
                        52.25173,
                        0
                    ],
                    [
                        -0.23834,
                        52.25202,
                        0
                    ],
                    [
                        -0.23825,
                        52.25241,
                        0
                    ],
                    [
                        -0.23816,
                        52.25276,
                        0
                    ],
                    [
                        -0.23811,
                        52.25282,
                        0
                    ],
                    [
                        -0.23785,
                        52.25343,
                        0
                    ],
                    [
                        -0.23789,
                        52.25351,
                        0
                    ],
                    [
                        -0.23803,
                        52.25359,
                        0
                    ],
                    [
                        -0.23825,
                        52.25366,
                        0
                    ],
                    [
                        -0.23803,
                        52.25401,
                        0
                    ],
                    [
                        -0.23791,
                        52.2543,
                        0
                    ],
                    [
                        -0.2379,
                        52.25469,
                        0
                    ],
                    [
                        -0.23799,
                        52.25497,
                        0
                    ],
                    [
                        -0.23826,
                        52.25515,
                        0
                    ],
                    [
                        -0.23826,
                        52.25526,
                        0
                    ],
                    [
                        -0.23818,
                        52.25532,
                        0
                    ],
                    [
                        -0.23849,
                        52.25555,
                        0
                    ],
                    [
                        -0.23867,
                        52.25557,
                        0
                    ],
                    [
                        -0.23885,
                        52.25568,
                        0
                    ],
                    [
                        -0.23956,
                        52.25572,
                        0
                    ],
                    [
                        -0.2395,
                        52.25598,
                        0
                    ],
                    [
                        -0.23956,
                        52.25635,
                        0
                    ],
                    [
                        -0.23953,
                        52.25643,
                        0
                    ],
                    [
                        -0.23938,
                        52.25661,
                        0
                    ],
                    [
                        -0.23935,
                        52.25668,
                        0
                    ],
                    [
                        -0.23944,
                        52.25763,
                        0
                    ],
                    [
                        -0.23923,
                        52.25817,
                        0
                    ],
                    [
                        -0.23917,
                        52.25828,
                        0
                    ],
                    [
                        -0.23902,
                        52.25839,
                        0
                    ],
                    [
                        -0.23895,
                        52.25842,
                        0
                    ],
                    [
                        -0.23888,
                        52.2585,
                        0
                    ],
                    [
                        -0.23888,
                        52.25865,
                        0
                    ],
                    [
                        -0.23897,
                        52.25891,
                        0
                    ],
                    [
                        -0.23897,
                        52.25905,
                        0
                    ],
                    [
                        -0.2389,
                        52.25918,
                        0
                    ],
                    [
                        -0.23897,
                        52.25951,
                        0
                    ],
                    [
                        -0.23876,
                        52.26054,
                        0
                    ],
                    [
                        -0.23662,
                        52.26365,
                        0
                    ],
                    [
                        -0.23646,
                        52.2638,
                        0
                    ],
                    [
                        -0.23617,
                        52.26415,
                        0
                    ],
                    [
                        -0.23597,
                        52.26429,
                        0
                    ],
                    [
                        -0.23572,
                        52.26436,
                        0
                    ],
                    [
                        -0.23556,
                        52.26448,
                        0
                    ],
                    [
                        -0.23489,
                        52.26529,
                        0
                    ],
                    [
                        -0.23467,
                        52.26583,
                        0
                    ],
                    [
                        -0.2345,
                        52.26602,
                        0
                    ],
                    [
                        -0.23412,
                        52.26637,
                        0
                    ],
                    [
                        -0.2337,
                        52.26686,
                        0
                    ],
                    [
                        -0.23356,
                        52.2672,
                        0
                    ],
                    [
                        -0.233,
                        52.26799,
                        0
                    ],
                    [
                        -0.23242,
                        52.26859,
                        0
                    ],
                    [
                        -0.23247,
                        52.26861,
                        0
                    ],
                    [
                        -0.23184,
                        52.26916,
                        0
                    ],
                    [
                        -0.23165,
                        52.26929,
                        0
                    ],
                    [
                        -0.23142,
                        52.26938,
                        0
                    ],
                    [
                        -0.2302,
                        52.26975,
                        0
                    ],
                    [
                        -0.22919,
                        52.2702,
                        0
                    ],
                    [
                        -0.22868,
                        52.27051,
                        0
                    ],
                    [
                        -0.22701,
                        52.27211,
                        0
                    ],
                    [
                        -0.226,
                        52.27349,
                        0
                    ],
                    [
                        -0.22562,
                        52.27415,
                        0
                    ],
                    [
                        -0.22452,
                        52.27554,
                        0
                    ],
                    [
                        -0.22293,
                        52.27721,
                        0
                    ],
                    [
                        -0.22265,
                        52.27768,
                        0
                    ],
                    [
                        -0.22224,
                        52.27845,
                        0
                    ],
                    [
                        -0.22196,
                        52.27962,
                        0
                    ],
                    [
                        -0.22193,
                        52.28003,
                        0
                    ],
                    [
                        -0.22187,
                        52.28026,
                        0
                    ],
                    [
                        -0.2219,
                        52.28034,
                        0
                    ],
                    [
                        -0.22179,
                        52.28065,
                        0
                    ],
                    [
                        -0.22172,
                        52.28075,
                        0
                    ],
                    [
                        -0.22157,
                        52.28108,
                        0
                    ],
                    [
                        -0.2215,
                        52.28118,
                        0
                    ],
                    [
                        -0.21988,
                        52.28235,
                        0
                    ],
                    [
                        -0.21949,
                        52.28278,
                        0
                    ],
                    [
                        -0.21863,
                        52.28364,
                        0
                    ],
                    [
                        -0.21815,
                        52.28437,
                        0
                    ],
                    [
                        -0.21785,
                        52.28499,
                        0
                    ],
                    [
                        -0.2178,
                        52.28522,
                        0
                    ],
                    [
                        -0.21779,
                        52.2855,
                        0
                    ],
                    [
                        -0.21786,
                        52.28583,
                        0
                    ],
                    [
                        -0.21815,
                        52.28618,
                        0
                    ],
                    [
                        -0.21831,
                        52.28626,
                        0
                    ],
                    [
                        -0.21851,
                        52.2863,
                        0
                    ],
                    [
                        -0.21879,
                        52.28639,
                        0
                    ],
                    [
                        -0.21954,
                        52.28654,
                        0
                    ],
                    [
                        -0.21981,
                        52.28661,
                        0
                    ],
                    [
                        -0.21996,
                        52.28662,
                        0
                    ],
                    [
                        -0.22009,
                        52.28665,
                        0
                    ],
                    [
                        -0.22037,
                        52.28674,
                        0
                    ],
                    [
                        -0.22049,
                        52.28669,
                        0
                    ],
                    [
                        -0.22069,
                        52.2865,
                        0
                    ],
                    [
                        -0.2209,
                        52.28607,
                        0
                    ],
                    [
                        -0.22102,
                        52.28603,
                        0
                    ],
                    [
                        -0.22135,
                        52.28605,
                        0
                    ],
                    [
                        -0.22133,
                        52.28619,
                        0
                    ],
                    [
                        -0.22136,
                        52.28642,
                        0
                    ],
                    [
                        -0.22143,
                        52.28657,
                        0
                    ],
                    [
                        -0.22173,
                        52.28696,
                        0
                    ],
                    [
                        -0.22177,
                        52.28701,
                        0
                    ],
                    [
                        -0.22181,
                        52.2872,
                        0
                    ],
                    [
                        -0.2218,
                        52.2874,
                        0
                    ],
                    [
                        -0.22189,
                        52.28772,
                        0
                    ],
                    [
                        -0.22197,
                        52.28783,
                        0
                    ],
                    [
                        -0.222,
                        52.28797,
                        0
                    ],
                    [
                        -0.22198,
                        52.2881,
                        0
                    ],
                    [
                        -0.22166,
                        52.28904,
                        0
                    ],
                    [
                        -0.2216,
                        52.28926,
                        0
                    ],
                    [
                        -0.22165,
                        52.2895,
                        0
                    ],
                    [
                        -0.22194,
                        52.29007,
                        0
                    ],
                    [
                        -0.22184,
                        52.29011,
                        0
                    ],
                    [
                        -0.22194,
                        52.29041,
                        0
                    ],
                    [
                        -0.22198,
                        52.29047,
                        0
                    ],
                    [
                        -0.22206,
                        52.29052,
                        0
                    ],
                    [
                        -0.2222,
                        52.29055,
                        0
                    ],
                    [
                        -0.22301,
                        52.29063,
                        0
                    ],
                    [
                        -0.22295,
                        52.29076,
                        0
                    ],
                    [
                        -0.22262,
                        52.29084,
                        0
                    ],
                    [
                        -0.22295,
                        52.29076,
                        0
                    ],
                    [
                        -0.22301,
                        52.29082,
                        0
                    ],
                    [
                        -0.22341,
                        52.2909,
                        0
                    ],
                    [
                        -0.22347,
                        52.29095,
                        0
                    ],
                    [
                        -0.22308,
                        52.29246,
                        0
                    ],
                    [
                        -0.22302,
                        52.2926,
                        0
                    ],
                    [
                        -0.22293,
                        52.2927,
                        0
                    ],
                    [
                        -0.22285,
                        52.29273,
                        0
                    ],
                    [
                        -0.22275,
                        52.29274,
                        0
                    ],
                    [
                        -0.22152,
                        52.29272,
                        0
                    ],
                    [
                        -0.22143,
                        52.29274,
                        0
                    ],
                    [
                        -0.22136,
                        52.29277,
                        0
                    ],
                    [
                        -0.22127,
                        52.2929,
                        0
                    ],
                    [
                        -0.2209,
                        52.29402,
                        0
                    ],
                    [
                        -0.22084,
                        52.29406,
                        0
                    ],
                    [
                        -0.22076,
                        52.29407,
                        0
                    ],
                    [
                        -0.21882,
                        52.29412,
                        0
                    ],
                    [
                        -0.21892,
                        52.29425,
                        0
                    ],
                    [
                        -0.21898,
                        52.2944,
                        0
                    ],
                    [
                        -0.21895,
                        52.29479,
                        0
                    ],
                    [
                        -0.21872,
                        52.29514,
                        0
                    ],
                    [
                        -0.21873,
                        52.29537,
                        0
                    ],
                    [
                        -0.21867,
                        52.29541,
                        0
                    ],
                    [
                        -0.21865,
                        52.29547,
                        0
                    ],
                    [
                        -0.21886,
                        52.29579,
                        0
                    ],
                    [
                        -0.21904,
                        52.29631,
                        0
                    ],
                    [
                        -0.21885,
                        52.2974,
                        0
                    ],
                    [
                        -0.21891,
                        52.2975,
                        0
                    ],
                    [
                        -0.21891,
                        52.29771,
                        0
                    ],
                    [
                        -0.21884,
                        52.29805,
                        0
                    ],
                    [
                        -0.21857,
                        52.29855,
                        0
                    ],
                    [
                        -0.21755,
                        52.29972,
                        0
                    ],
                    [
                        -0.21725,
                        52.29994,
                        0
                    ],
                    [
                        -0.21697,
                        52.30024,
                        0
                    ],
                    [
                        -0.21692,
                        52.30033,
                        0
                    ],
                    [
                        -0.2169,
                        52.30048,
                        0
                    ],
                    [
                        -0.21669,
                        52.30069,
                        0
                    ],
                    [
                        -0.21651,
                        52.30092,
                        0
                    ],
                    [
                        -0.2164,
                        52.30126,
                        0
                    ],
                    [
                        -0.21634,
                        52.30236,
                        0
                    ],
                    [
                        -0.2164,
                        52.30255,
                        0
                    ],
                    [
                        -0.21688,
                        52.30351,
                        0
                    ],
                    [
                        -0.21726,
                        52.30398,
                        0
                    ],
                    [
                        -0.21735,
                        52.30425,
                        0
                    ],
                    [
                        -0.21733,
                        52.30478,
                        0
                    ],
                    [
                        -0.21701,
                        52.30519,
                        0
                    ],
                    [
                        -0.21688,
                        52.30546,
                        0
                    ],
                    [
                        -0.21682,
                        52.3057,
                        0
                    ],
                    [
                        -0.21638,
                        52.3065,
                        0
                    ],
                    [
                        -0.2162,
                        52.3067,
                        0
                    ],
                    [
                        -0.21523,
                        52.30794,
                        0
                    ],
                    [
                        -0.21489,
                        52.30826,
                        0
                    ],
                    [
                        -0.21432,
                        52.30871,
                        0
                    ],
                    [
                        -0.21395,
                        52.30896,
                        0
                    ],
                    [
                        -0.21358,
                        52.3093,
                        0
                    ],
                    [
                        -0.21287,
                        52.31008,
                        0
                    ],
                    [
                        -0.21249,
                        52.31062,
                        0
                    ],
                    [
                        -0.21218,
                        52.31125,
                        0
                    ],
                    [
                        -0.21208,
                        52.31168,
                        0
                    ],
                    [
                        -0.21199,
                        52.31189,
                        0
                    ],
                    [
                        -0.21187,
                        52.31233,
                        0
                    ],
                    [
                        -0.21189,
                        52.31299,
                        0
                    ],
                    [
                        -0.21173,
                        52.31394,
                        0
                    ],
                    [
                        -0.2115,
                        52.31464,
                        0
                    ],
                    [
                        -0.2113,
                        52.31554,
                        0
                    ],
                    [
                        -0.21126,
                        52.316,
                        0
                    ],
                    [
                        -0.21126,
                        52.31627,
                        0
                    ],
                    [
                        -0.21136,
                        52.31665,
                        0
                    ],
                    [
                        -0.21138,
                        52.31681,
                        0
                    ],
                    [
                        -0.21134,
                        52.3174,
                        0
                    ],
                    [
                        -0.21118,
                        52.31779,
                        0
                    ],
                    [
                        -0.21097,
                        52.318,
                        0
                    ],
                    [
                        -0.21058,
                        52.31832,
                        0
                    ],
                    [
                        -0.21026,
                        52.3185,
                        0
                    ],
                    [
                        -0.20961,
                        52.31883,
                        0
                    ],
                    [
                        -0.20884,
                        52.31936,
                        0
                    ],
                    [
                        -0.20826,
                        52.31971,
                        0
                    ],
                    [
                        -0.20767,
                        52.31993,
                        0
                    ],
                    [
                        -0.20732,
                        52.32018,
                        0
                    ],
                    [
                        -0.20692,
                        52.32022,
                        0
                    ],
                    [
                        -0.20602,
                        52.32076,
                        0
                    ],
                    [
                        -0.206,
                        52.32103,
                        0
                    ],
                    [
                        -0.20617,
                        52.32123,
                        0
                    ],
                    [
                        -0.20611,
                        52.32131,
                        0
                    ],
                    [
                        -0.20542,
                        52.32125,
                        0
                    ],
                    [
                        -0.20538,
                        52.32131,
                        0
                    ],
                    [
                        -0.20512,
                        52.32135,
                        0
                    ],
                    [
                        -0.20496,
                        52.32149,
                        0
                    ],
                    [
                        -0.20479,
                        52.32175,
                        0
                    ],
                    [
                        -0.20469,
                        52.322,
                        0
                    ],
                    [
                        -0.20469,
                        52.32227,
                        0
                    ],
                    [
                        -0.20479,
                        52.3224,
                        0
                    ],
                    [
                        -0.2046,
                        52.32251,
                        0
                    ],
                    [
                        -0.20469,
                        52.32261,
                        0
                    ],
                    [
                        -0.20446,
                        52.3226,
                        0
                    ],
                    [
                        -0.20421,
                        52.3226,
                        0
                    ],
                    [
                        -0.20347,
                        52.3227,
                        0
                    ],
                    [
                        -0.20324,
                        52.3227,
                        0
                    ],
                    [
                        -0.20304,
                        52.32268,
                        0
                    ],
                    [
                        -0.2025,
                        52.32254,
                        0
                    ],
                    [
                        -0.20217,
                        52.32241,
                        0
                    ],
                    [
                        -0.20212,
                        52.32234,
                        0
                    ],
                    [
                        -0.20204,
                        52.32233,
                        0
                    ],
                    [
                        -0.20174,
                        52.32238,
                        0
                    ],
                    [
                        -0.2012,
                        52.3224,
                        0
                    ],
                    [
                        -0.20017,
                        52.32238,
                        0
                    ],
                    [
                        -0.19912,
                        52.32231,
                        0
                    ],
                    [
                        -0.19881,
                        52.32225,
                        0
                    ],
                    [
                        -0.19677,
                        52.32177,
                        0
                    ],
                    [
                        -0.1956,
                        52.32152,
                        0
                    ],
                    [
                        -0.19434,
                        52.3212,
                        0
                    ],
                    [
                        -0.18944,
                        52.31984,
                        0
                    ],
                    [
                        -0.18402,
                        52.3183,
                        0
                    ],
                    [
                        -0.18077,
                        52.3178,
                        0
                    ],
                    [
                        -0.1809,
                        52.31777,
                        0
                    ],
                    [
                        -0.18099,
                        52.31769,
                        0
                    ],
                    [
                        -0.1809,
                        52.31777,
                        0
                    ],
                    [
                        -0.18077,
                        52.3178,
                        0
                    ],
                    [
                        -0.18038,
                        52.31765,
                        0
                    ],
                    [
                        -0.18007,
                        52.31773,
                        0
                    ],
                    [
                        -0.1796,
                        52.31782,
                        0
                    ],
                    [
                        -0.17828,
                        52.31821,
                        0
                    ],
                    [
                        -0.17706,
                        52.31849,
                        0
                    ],
                    [
                        -0.17668,
                        52.31859,
                        0
                    ],
                    [
                        -0.17654,
                        52.31866,
                        0
                    ],
                    [
                        -0.17646,
                        52.31873,
                        0
                    ],
                    [
                        -0.17637,
                        52.31891,
                        0
                    ],
                    [
                        -0.17616,
                        52.319,
                        0
                    ]
                ]
            },
            "properties": {
                "name": "St Neots to Godmanchester",
                "distance": 16.5,
                "link": "/walks/3-st-neots-to-godmanchester-164-km.html",
                "image": "/assets/images/2/paxton_pits.jpg",
				"description": "This is a well marked trail, however, the start can be a little confusing in negotiating the St Neots streets to get to the Way.",
				"stroke": "#f57c00",
				"stroke-opacity": 1,
				"strokewidth": 4
            }
        },
        {
            "type": "Feature",
            "geometry": {
                "type": "LineString",
                "coordinates": [
                    [
                        -0.1734,
                        52.31968,
                        0
                    ],
                    [
                        -0.17355,
                        52.31955,
                        0
                    ],
                    [
                        -0.17376,
                        52.31919,
                        0
                    ],
                    [
                        -0.17474,
                        52.31927,
                        0
                    ],
                    [
                        -0.17459,
                        52.31942,
                        0
                    ],
                    [
                        -0.17437,
                        52.31975,
                        0
                    ],
                    [
                        -0.17427,
                        52.32007,
                        0
                    ],
                    [
                        -0.17428,
                        52.32011,
                        0
                    ],
                    [
                        -0.17416,
                        52.32012,
                        0
                    ],
                    [
                        -0.17299,
                        52.32055,
                        0
                    ],
                    [
                        -0.17243,
                        52.321,
                        0
                    ],
                    [
                        -0.17244,
                        52.32108,
                        0
                    ],
                    [
                        -0.17252,
                        52.32117,
                        0
                    ],
                    [
                        -0.17228,
                        52.32145,
                        0
                    ],
                    [
                        -0.17197,
                        52.32171,
                        0
                    ],
                    [
                        -0.17189,
                        52.32189,
                        0
                    ],
                    [
                        -0.17169,
                        52.3221,
                        0
                    ],
                    [
                        -0.17141,
                        52.32226,
                        0
                    ],
                    [
                        -0.17039,
                        52.32256,
                        0
                    ],
                    [
                        -0.17027,
                        52.32257,
                        0
                    ],
                    [
                        -0.16981,
                        52.32286,
                        0
                    ],
                    [
                        -0.16979,
                        52.32294,
                        0
                    ],
                    [
                        -0.16987,
                        52.32304,
                        0
                    ],
                    [
                        -0.17024,
                        52.32328,
                        0
                    ],
                    [
                        -0.17046,
                        52.32345,
                        0
                    ],
                    [
                        -0.17048,
                        52.32355,
                        0
                    ],
                    [
                        -0.17044,
                        52.32365,
                        0
                    ],
                    [
                        -0.17017,
                        52.32382,
                        0
                    ],
                    [
                        -0.16984,
                        52.32408,
                        0
                    ],
                    [
                        -0.16968,
                        52.32415,
                        0
                    ],
                    [
                        -0.16906,
                        52.32422,
                        0
                    ],
                    [
                        -0.16814,
                        52.32452,
                        0
                    ],
                    [
                        -0.16759,
                        52.32465,
                        0
                    ],
                    [
                        -0.1673,
                        52.32468,
                        0
                    ],
                    [
                        -0.16719,
                        52.32477,
                        0
                    ],
                    [
                        -0.1669,
                        52.32519,
                        0
                    ],
                    [
                        -0.16585,
                        52.32646,
                        0
                    ],
                    [
                        -0.16581,
                        52.32663,
                        0
                    ],
                    [
                        -0.16142,
                        52.32678,
                        0
                    ],
                    [
                        -0.16142,
                        52.32702,
                        0
                    ],
                    [
                        -0.16168,
                        52.32784,
                        0
                    ],
                    [
                        -0.16165,
                        52.32795,
                        0
                    ],
                    [
                        -0.16162,
                        52.32827,
                        0
                    ],
                    [
                        -0.16152,
                        52.3284,
                        0
                    ],
                    [
                        -0.16082,
                        52.32907,
                        0
                    ],
                    [
                        -0.16058,
                        52.32957,
                        0
                    ],
                    [
                        -0.16038,
                        52.32986,
                        0
                    ],
                    [
                        -0.16021,
                        52.32999,
                        0
                    ],
                    [
                        -0.15985,
                        52.33013,
                        0
                    ],
                    [
                        -0.15933,
                        52.33031,
                        0
                    ],
                    [
                        -0.15895,
                        52.33038,
                        0
                    ],
                    [
                        -0.1584,
                        52.33037,
                        0
                    ],
                    [
                        -0.1573,
                        52.33009,
                        0
                    ],
                    [
                        -0.15696,
                        52.32998,
                        0
                    ],
                    [
                        -0.15695,
                        52.32992,
                        0
                    ],
                    [
                        -0.15692,
                        52.3299,
                        0
                    ],
                    [
                        -0.15658,
                        52.32993,
                        0
                    ],
                    [
                        -0.15604,
                        52.33004,
                        0
                    ],
                    [
                        -0.15586,
                        52.33013,
                        0
                    ],
                    [
                        -0.15277,
                        52.32985,
                        0
                    ],
                    [
                        -0.15017,
                        52.3296,
                        0
                    ],
                    [
                        -0.15011,
                        52.32958,
                        0
                    ],
                    [
                        -0.15009,
                        52.32954,
                        0
                    ],
                    [
                        -0.14991,
                        52.3284,
                        0
                    ],
                    [
                        -0.14981,
                        52.32784,
                        0
                    ],
                    [
                        -0.14975,
                        52.32762,
                        0
                    ],
                    [
                        -0.14965,
                        52.32759,
                        0
                    ],
                    [
                        -0.14889,
                        52.32752,
                        0
                    ],
                    [
                        -0.14828,
                        52.32729,
                        0
                    ],
                    [
                        -0.14813,
                        52.32726,
                        0
                    ],
                    [
                        -0.14662,
                        52.32726,
                        0
                    ],
                    [
                        -0.14525,
                        52.32729,
                        0
                    ],
                    [
                        -0.14241,
                        52.32772,
                        0
                    ],
                    [
                        -0.14059,
                        52.32819,
                        0
                    ],
                    [
                        -0.14036,
                        52.32826,
                        0
                    ],
                    [
                        -0.14009,
                        52.32843,
                        0
                    ],
                    [
                        -0.14011,
                        52.32851,
                        0
                    ],
                    [
                        -0.14006,
                        52.3286,
                        0
                    ],
                    [
                        -0.13977,
                        52.3287,
                        0
                    ],
                    [
                        -0.13817,
                        52.32895,
                        0
                    ],
                    [
                        -0.13402,
                        52.32976,
                        0
                    ],
                    [
                        -0.13353,
                        52.32995,
                        0
                    ],
                    [
                        -0.1331,
                        52.33018,
                        0
                    ],
                    [
                        -0.13291,
                        52.3303,
                        0
                    ],
                    [
                        -0.13181,
                        52.3311,
                        0
                    ],
                    [
                        -0.13167,
                        52.33125,
                        0
                    ],
                    [
                        -0.13149,
                        52.33129,
                        0
                    ],
                    [
                        -0.13111,
                        52.3313,
                        0
                    ],
                    [
                        -0.12929,
                        52.33105,
                        0
                    ],
                    [
                        -0.12847,
                        52.33102,
                        0
                    ],
                    [
                        -0.12687,
                        52.33084,
                        0
                    ],
                    [
                        -0.12548,
                        52.33093,
                        0
                    ],
                    [
                        -0.1248,
                        52.33091,
                        0
                    ],
                    [
                        -0.12416,
                        52.33084,
                        0
                    ],
                    [
                        -0.12345,
                        52.33071,
                        0
                    ],
                    [
                        -0.12321,
                        52.33069,
                        0
                    ],
                    [
                        -0.12249,
                        52.33055,
                        0
                    ],
                    [
                        -0.12237,
                        52.3305,
                        0
                    ],
                    [
                        -0.12232,
                        52.33042,
                        0
                    ],
                    [
                        -0.12189,
                        52.33023,
                        0
                    ],
                    [
                        -0.12184,
                        52.33023,
                        0
                    ],
                    [
                        -0.12168,
                        52.33034,
                        0
                    ],
                    [
                        -0.12163,
                        52.33042,
                        0
                    ],
                    [
                        -0.1219,
                        52.33058,
                        0
                    ],
                    [
                        -0.1219,
                        52.33064,
                        0
                    ],
                    [
                        -0.12181,
                        52.33076,
                        0
                    ],
                    [
                        -0.12171,
                        52.33081,
                        0
                    ],
                    [
                        -0.12154,
                        52.33084,
                        0
                    ],
                    [
                        -0.12081,
                        52.3308,
                        0
                    ],
                    [
                        -0.12053,
                        52.33122,
                        0
                    ],
                    [
                        -0.12003,
                        52.33132,
                        0
                    ],
                    [
                        -0.11989,
                        52.33137,
                        0
                    ],
                    [
                        -0.11972,
                        52.33131,
                        0
                    ],
                    [
                        -0.11937,
                        52.3315,
                        0
                    ],
                    [
                        -0.11902,
                        52.33158,
                        0
                    ],
                    [
                        -0.11835,
                        52.3316,
                        0
                    ],
                    [
                        -0.11808,
                        52.33166,
                        0
                    ],
                    [
                        -0.11804,
                        52.33169,
                        0
                    ],
                    [
                        -0.11712,
                        52.33145,
                        0
                    ],
                    [
                        -0.11556,
                        52.331,
                        0
                    ],
                    [
                        -0.11548,
                        52.33138,
                        0
                    ],
                    [
                        -0.11537,
                        52.33149,
                        0
                    ],
                    [
                        -0.11502,
                        52.33135,
                        0
                    ],
                    [
                        -0.11308,
                        52.33098,
                        0
                    ],
                    [
                        -0.11112,
                        52.33068,
                        0
                    ],
                    [
                        -0.11069,
                        52.33063,
                        0
                    ],
                    [
                        -0.11064,
                        52.33067,
                        0
                    ],
                    [
                        -0.11048,
                        52.33073,
                        0
                    ],
                    [
                        -0.10991,
                        52.33068,
                        0
                    ],
                    [
                        -0.10925,
                        52.33047,
                        0
                    ],
                    [
                        -0.10897,
                        52.3304,
                        0
                    ],
                    [
                        -0.10875,
                        52.33032,
                        0
                    ],
                    [
                        -0.10651,
                        52.32968,
                        0
                    ],
                    [
                        -0.10624,
                        52.32963,
                        0
                    ],
                    [
                        -0.10448,
                        52.32905,
                        0
                    ],
                    [
                        -0.10347,
                        52.32879,
                        0
                    ],
                    [
                        -0.10254,
                        52.32858,
                        0
                    ],
                    [
                        -0.10175,
                        52.32838,
                        0
                    ],
                    [
                        -0.09948,
                        52.328,
                        0
                    ],
                    [
                        -0.09862,
                        52.3279,
                        0
                    ],
                    [
                        -0.09827,
                        52.328,
                        0
                    ],
                    [
                        -0.09792,
                        52.32804,
                        0
                    ],
                    [
                        -0.09679,
                        52.32807,
                        0
                    ],
                    [
                        -0.09604,
                        52.32812,
                        0
                    ],
                    [
                        -0.09437,
                        52.32815,
                        0
                    ],
                    [
                        -0.09369,
                        52.32807,
                        0
                    ],
                    [
                        -0.0927,
                        52.32804,
                        0
                    ],
                    [
                        -0.08954,
                        52.32803,
                        0
                    ],
                    [
                        -0.08858,
                        52.32791,
                        0
                    ],
                    [
                        -0.08809,
                        52.3279,
                        0
                    ],
                    [
                        -0.08558,
                        52.32809,
                        0
                    ],
                    [
                        -0.08384,
                        52.32813,
                        0
                    ],
                    [
                        -0.08313,
                        52.32822,
                        0
                    ],
                    [
                        -0.08291,
                        52.32822,
                        0
                    ],
                    [
                        -0.08236,
                        52.3278,
                        0
                    ],
                    [
                        -0.08189,
                        52.32756,
                        0
                    ],
                    [
                        -0.08145,
                        52.32742,
                        0
                    ],
                    [
                        -0.08112,
                        52.32732,
                        0
                    ],
                    [
                        -0.08041,
                        52.32703,
                        0
                    ],
                    [
                        -0.08002,
                        52.32684,
                        0
                    ],
                    [
                        -0.07986,
                        52.32679,
                        0
                    ],
                    [
                        -0.0797,
                        52.32685,
                        0
                    ],
                    [
                        -0.07899,
                        52.32667,
                        0
                    ],
                    [
                        -0.07895,
                        52.32654,
                        0
                    ],
                    [
                        -0.07901,
                        52.32634,
                        0
                    ],
                    [
                        -0.07861,
                        52.3262,
                        0
                    ],
                    [
                        -0.07851,
                        52.32619,
                        0
                    ],
                    [
                        -0.07851,
                        52.32614,
                        0
                    ],
                    [
                        -0.07841,
                        52.32607,
                        0
                    ],
                    [
                        -0.07714,
                        52.32542,
                        0
                    ],
                    [
                        -0.07672,
                        52.32518,
                        0
                    ],
                    [
                        -0.07636,
                        52.32493,
                        0
                    ],
                    [
                        -0.07564,
                        52.32452,
                        0
                    ],
                    [
                        -0.07535,
                        52.32441,
                        0
                    ],
                    [
                        -0.07524,
                        52.3244,
                        0
                    ],
                    [
                        -0.07477,
                        52.32421,
                        0
                    ],
                    [
                        -0.07424,
                        52.32394,
                        0
                    ],
                    [
                        -0.07369,
                        52.3237,
                        0
                    ],
                    [
                        -0.07361,
                        52.32364,
                        0
                    ],
                    [
                        -0.0725,
                        52.32321,
                        0
                    ],
                    [
                        -0.07246,
                        52.32326,
                        0
                    ],
                    [
                        -0.07241,
                        52.32324,
                        0
                    ],
                    [
                        -0.0724,
                        52.32326,
                        0
                    ],
                    [
                        -0.07156,
                        52.32301,
                        0
                    ],
                    [
                        -0.0716,
                        52.32296,
                        0
                    ],
                    [
                        -0.07157,
                        52.32295,
                        0
                    ],
                    [
                        -0.0711,
                        52.32348,
                        0
                    ],
                    [
                        -0.07016,
                        52.32322,
                        0
                    ],
                    [
                        -0.0701,
                        52.32322,
                        0
                    ],
                    [
                        -0.07006,
                        52.32324,
                        0
                    ],
                    [
                        -0.06958,
                        52.32386,
                        0
                    ],
                    [
                        -0.06958,
                        52.32392,
                        0
                    ],
                    [
                        -0.06953,
                        52.32399,
                        0
                    ],
                    [
                        -0.06927,
                        52.32404,
                        0
                    ],
                    [
                        -0.06905,
                        52.32405,
                        0
                    ],
                    [
                        -0.06878,
                        52.3239,
                        0
                    ],
                    [
                        -0.06881,
                        52.32384,
                        0
                    ],
                    [
                        -0.06879,
                        52.3238,
                        0
                    ],
                    [
                        -0.06871,
                        52.32375,
                        0
                    ],
                    [
                        -0.06855,
                        52.32374,
                        0
                    ],
                    [
                        -0.06847,
                        52.32379,
                        0
                    ],
                    [
                        -0.06838,
                        52.32372,
                        0
                    ],
                    [
                        -0.06768,
                        52.32342,
                        0
                    ],
                    [
                        -0.06619,
                        52.32287,
                        0
                    ],
                    [
                        -0.0653,
                        52.32248,
                        0
                    ],
                    [
                        -0.06142,
                        52.32086,
                        0
                    ],
                    [
                        -0.05647,
                        52.31887,
                        0
                    ],
                    [
                        -0.05583,
                        52.31857,
                        0
                    ],
                    [
                        -0.05481,
                        52.31816,
                        0
                    ],
                    [
                        -0.0501,
                        52.31624,
                        0
                    ],
                    [
                        -0.05008,
                        52.31605,
                        0
                    ],
                    [
                        -0.05008,
                        52.31536,
                        0
                    ],
                    [
                        -0.05006,
                        52.31515,
                        0
                    ],
                    [
                        -0.04998,
                        52.31497,
                        0
                    ],
                    [
                        -0.0497,
                        52.31496,
                        0
                    ],
                    [
                        -0.04943,
                        52.31501,
                        0
                    ],
                    [
                        -0.04926,
                        52.31506,
                        0
                    ],
                    [
                        -0.04877,
                        52.31527,
                        0
                    ],
                    [
                        -0.04832,
                        52.31531,
                        0
                    ],
                    [
                        -0.04789,
                        52.31528,
                        0
                    ],
                    [
                        -0.04693,
                        52.31517,
                        0
                    ],
                    [
                        -0.04673,
                        52.31508,
                        0
                    ],
                    [
                        -0.04647,
                        52.315,
                        0
                    ],
                    [
                        -0.04592,
                        52.31477,
                        0
                    ],
                    [
                        -0.0456,
                        52.3147,
                        0
                    ],
                    [
                        -0.04522,
                        52.3147,
                        0
                    ],
                    [
                        -0.04459,
                        52.31484,
                        0
                    ],
                    [
                        -0.04408,
                        52.315,
                        0
                    ],
                    [
                        -0.04371,
                        52.31508,
                        0
                    ],
                    [
                        -0.04355,
                        52.31537,
                        0
                    ],
                    [
                        -0.04206,
                        52.31747,
                        0
                    ],
                    [
                        -0.04161,
                        52.31782,
                        0
                    ],
                    [
                        -0.04064,
                        52.31845,
                        0
                    ],
                    [
                        -0.04022,
                        52.3188,
                        0
                    ],
                    [
                        -0.04011,
                        52.31868,
                        0
                    ],
                    [
                        -0.03986,
                        52.31855,
                        0
                    ],
                    [
                        -0.03929,
                        52.31831,
                        0
                    ],
                    [
                        -0.03847,
                        52.31805,
                        0
                    ],
                    [
                        -0.03832,
                        52.31799,
                        0
                    ],
                    [
                        -0.03827,
                        52.31793,
                        0
                    ],
                    [
                        -0.03792,
                        52.31779,
                        0
                    ],
                    [
                        -0.03786,
                        52.31779,
                        0
                    ],
                    [
                        -0.03778,
                        52.31781,
                        0
                    ],
                    [
                        -0.03786,
                        52.31779,
                        0
                    ],
                    [
                        -0.03792,
                        52.31779,
                        0
                    ],
                    [
                        -0.03785,
                        52.31775,
                        0
                    ],
                    [
                        -0.03728,
                        52.31761,
                        0
                    ],
                    [
                        -0.03707,
                        52.3176,
                        0
                    ],
                    [
                        -0.03552,
                        52.3172,
                        0
                    ],
                    [
                        -0.03462,
                        52.31703,
                        0
                    ],
                    [
                        -0.03431,
                        52.31702,
                        0
                    ],
                    [
                        -0.03424,
                        52.31696,
                        0
                    ],
                    [
                        -0.03365,
                        52.31703,
                        0
                    ],
                    [
                        -0.03284,
                        52.31716,
                        0
                    ],
                    [
                        -0.032,
                        52.3172,
                        0
                    ],
                    [
                        -0.03179,
                        52.31722,
                        0
                    ],
                    [
                        -0.03173,
                        52.31721,
                        0
                    ],
                    [
                        -0.03172,
                        52.31716,
                        0
                    ]
                ]
            },
            "properties": {
                "name": "Godmanchester to Holywell",
                "distance": 12.5,
                "link": "/walks/4-godmanchester-to-holywell-125-km.html",
                "image": "/assets/images/2/hemmingford_meadow_2.jpg",
				"description": "The path out of Godmanchester is a little bit confusing as it heads to and then through the Godmanchester Nature Reserve but becomes clearer as it follows the river along Hemingford Meadow.",
				"stroke": "#f57c00",
				"stroke-opacity": 1,
				"strokewidth": 4
            }
        },
        {
            "type": "Feature",
            "geometry": {
                "type": "LineString",
                "coordinates": [
                    [
                        -0.0309,
                        52.31745,
                        0
                    ],
                    [
                        -0.02998,
                        52.31755,
                        0
                    ],
                    [
                        -0.02885,
                        52.31764,
                        0
                    ],
                    [
                        -0.02689,
                        52.31773,
                        0
                    ],
                    [
                        -0.02309,
                        52.31797,
                        0
                    ],
                    [
                        -0.02259,
                        52.31809,
                        0
                    ],
                    [
                        -0.02222,
                        52.31826,
                        0
                    ],
                    [
                        -0.02127,
                        52.31898,
                        0
                    ],
                    [
                        -0.0206,
                        52.31941,
                        0
                    ],
                    [
                        -0.0181,
                        52.32049,
                        0
                    ],
                    [
                        -0.01725,
                        52.32084,
                        0
                    ],
                    [
                        -0.01566,
                        52.3214,
                        0
                    ],
                    [
                        -0.015,
                        52.32162,
                        0
                    ],
                    [
                        -0.01268,
                        52.3228,
                        0
                    ],
                    [
                        -0.01194,
                        52.32315,
                        0
                    ],
                    [
                        -0.01129,
                        52.32335,
                        0
                    ],
                    [
                        -0.01047,
                        52.32355,
                        0
                    ],
                    [
                        -0.01002,
                        52.32361,
                        0
                    ],
                    [
                        -0.0089,
                        52.32362,
                        0
                    ],
                    [
                        -0.00828,
                        52.3237,
                        0
                    ],
                    [
                        -0.00823,
                        52.32377,
                        0
                    ],
                    [
                        -0.00804,
                        52.32381,
                        0
                    ],
                    [
                        -0.00706,
                        52.32382,
                        0
                    ],
                    [
                        -0.00537,
                        52.32398,
                        0
                    ],
                    [
                        -0.00481,
                        52.32406,
                        0
                    ],
                    [
                        -0.00451,
                        52.32412,
                        0
                    ],
                    [
                        -0.00403,
                        52.32451,
                        0
                    ],
                    [
                        -0.00348,
                        52.32514,
                        0
                    ],
                    [
                        -0.00239,
                        52.32654,
                        0
                    ],
                    [
                        -0.00216,
                        52.32686,
                        0
                    ],
                    [
                        -0.00217,
                        52.32724,
                        0
                    ],
                    [
                        -0.00207,
                        52.32739,
                        0
                    ],
                    [
                        -0.00147,
                        52.32793,
                        0
                    ],
                    [
                        -0.00076,
                        52.32875,
                        0
                    ],
                    [
                        0.00006,
                        52.32921,
                        0
                    ],
                    [
                        0.00143,
                        52.32987,
                        0
                    ],
                    [
                        0.00271,
                        52.33059,
                        0
                    ],
                    [
                        0.00453,
                        52.33183,
                        0
                    ],
                    [
                        0.00545,
                        52.33255,
                        0
                    ],
                    [
                        0.0067,
                        52.33369,
                        0
                    ],
                    [
                        0.00716,
                        52.33409,
                        0
                    ],
                    [
                        0.00753,
                        52.33451,
                        0
                    ],
                    [
                        0.00766,
                        52.33478,
                        0
                    ],
                    [
                        0.00769,
                        52.33514,
                        0
                    ],
                    [
                        0.00789,
                        52.33563,
                        0
                    ],
                    [
                        0.00849,
                        52.33647,
                        0
                    ],
                    [
                        0.00851,
                        52.33654,
                        0
                    ],
                    [
                        0.00863,
                        52.33689,
                        0
                    ],
                    [
                        0.00869,
                        52.33742,
                        0
                    ],
                    [
                        0.00899,
                        52.33855,
                        0
                    ],
                    [
                        0.00896,
                        52.33882,
                        0
                    ],
                    [
                        0.00886,
                        52.33912,
                        0
                    ],
                    [
                        0.00847,
                        52.3398,
                        0
                    ],
                    [
                        0.00823,
                        52.3401,
                        0
                    ],
                    [
                        0.00796,
                        52.34037,
                        0
                    ],
                    [
                        0.00798,
                        52.34048,
                        0
                    ],
                    [
                        0.00827,
                        52.34086,
                        0
                    ],
                    [
                        0.00826,
                        52.34106,
                        0
                    ],
                    [
                        0.00888,
                        52.34168,
                        0
                    ],
                    [
                        0.00931,
                        52.34197,
                        0
                    ],
                    [
                        0.01029,
                        52.3425,
                        0
                    ],
                    [
                        0.01077,
                        52.34272,
                        0
                    ],
                    [
                        0.01143,
                        52.34296,
                        0
                    ],
                    [
                        0.01152,
                        52.34303,
                        0
                    ],
                    [
                        0.0117,
                        52.34309,
                        0
                    ],
                    [
                        0.01267,
                        52.3435,
                        0
                    ],
                    [
                        0.0131,
                        52.34366,
                        0
                    ],
                    [
                        0.01333,
                        52.34377,
                        0
                    ],
                    [
                        0.01419,
                        52.34429,
                        0
                    ],
                    [
                        0.01468,
                        52.34468,
                        0
                    ],
                    [
                        0.01472,
                        52.34478,
                        0
                    ],
                    [
                        0.01463,
                        52.34493,
                        0
                    ],
                    [
                        0.01467,
                        52.34502,
                        0
                    ],
                    [
                        0.01545,
                        52.34548,
                        0
                    ],
                    [
                        0.01659,
                        52.34605,
                        0
                    ],
                    [
                        0.01809,
                        52.34684,
                        0
                    ],
                    [
                        0.01862,
                        52.34721,
                        0
                    ],
                    [
                        0.01912,
                        52.34752,
                        0
                    ],
                    [
                        0.02004,
                        52.34813,
                        0
                    ],
                    [
                        0.02161,
                        52.34892,
                        0
                    ],
                    [
                        0.02239,
                        52.34922,
                        0
                    ],
                    [
                        0.02246,
                        52.34928,
                        0
                    ],
                    [
                        0.02284,
                        52.34947,
                        0
                    ],
                    [
                        0.02302,
                        52.34968,
                        0
                    ],
                    [
                        0.02363,
                        52.34983,
                        0
                    ],
                    [
                        0.02451,
                        52.35043,
                        0
                    ],
                    [
                        0.02475,
                        52.35052,
                        0
                    ],
                    [
                        0.0259,
                        52.35136,
                        0
                    ],
                    [
                        0.02652,
                        52.35162,
                        0
                    ],
                    [
                        0.02749,
                        52.35186,
                        0
                    ],
                    [
                        0.02696,
                        52.35267,
                        0
                    ],
                    [
                        0.0265,
                        52.35329,
                        0
                    ],
                    [
                        0.02628,
                        52.35366,
                        0
                    ],
                    [
                        0.02613,
                        52.35397,
                        0
                    ],
                    [
                        0.0271,
                        52.35413,
                        0
                    ],
                    [
                        0.02759,
                        52.35418,
                        0
                    ],
                    [
                        0.02795,
                        52.35417,
                        0
                    ],
                    [
                        0.02841,
                        52.35411,
                        0
                    ],
                    [
                        0.03013,
                        52.35382,
                        0
                    ],
                    [
                        0.03061,
                        52.35375,
                        0
                    ],
                    [
                        0.03116,
                        52.35377,
                        0
                    ],
                    [
                        0.03177,
                        52.35382,
                        0
                    ],
                    [
                        0.03253,
                        52.35386,
                        0
                    ],
                    [
                        0.03531,
                        52.35424,
                        0
                    ],
                    [
                        0.03554,
                        52.35425,
                        0
                    ],
                    [
                        0.0362,
                        52.35418,
                        0
                    ],
                    [
                        0.03736,
                        52.354,
                        0
                    ],
                    [
                        0.03739,
                        52.35403,
                        0
                    ],
                    [
                        0.0382,
                        52.3539,
                        0
                    ],
                    [
                        0.03819,
                        52.35387,
                        0
                    ],
                    [
                        0.03929,
                        52.35378,
                        0
                    ],
                    [
                        0.03981,
                        52.35372,
                        0
                    ],
                    [
                        0.04096,
                        52.35353,
                        0
                    ],
                    [
                        0.0413,
                        52.35349,
                        0
                    ]
                ]
            },
            "properties": {
                "name": "Holywell to Earith",
                "distance": 7.5,
                "link": "/walks/5-holywell-to-earith-75-km.html",
                "image": "/assets/images/2/pike_and_eel_2.jpg",
				"description": "Leaving Holywell, the path heads along a dry ridge which is clearly useful in this floodable area",
				"stroke": "#f57c00",
				"stroke-opacity": 1,
				"strokewidth": 4
            }
        },
        {
            "type": "Feature",
            "geometry": {
                "type": "LineString",
                "coordinates": [
                    [
                        0.26977,
                        52.39593,
                        0
                    ],
                    [
                        0.26999,
                        52.39598,
                        0
                    ],
                    [
                        0.27006,
                        52.39595,
                        0
                    ],
                    [
                        0.26994,
                        52.39565,
                        0
                    ],
                    [
                        0.26979,
                        52.39545,
                        0
                    ],
                    [
                        0.26981,
                        52.3954,
                        0
                    ],
                    [
                        0.26917,
                        52.39487,
                        0
                    ],
                    [
                        0.26897,
                        52.39479,
                        0
                    ],
                    [
                        0.26865,
                        52.39454,
                        0
                    ],
                    [
                        0.26857,
                        52.39443,
                        0
                    ],
                    [
                        0.26787,
                        52.39396,
                        0
                    ],
                    [
                        0.26779,
                        52.39387,
                        0
                    ],
                    [
                        0.26779,
                        52.39368,
                        0
                    ],
                    [
                        0.26786,
                        52.39347,
                        0
                    ],
                    [
                        0.26833,
                        52.39276,
                        0
                    ],
                    [
                        0.26848,
                        52.39249,
                        0
                    ],
                    [
                        0.2689,
                        52.3905,
                        0
                    ],
                    [
                        0.26886,
                        52.3903,
                        0
                    ],
                    [
                        0.26882,
                        52.39027,
                        0
                    ],
                    [
                        0.26845,
                        52.39045,
                        0
                    ],
                    [
                        0.2683,
                        52.39032,
                        0
                    ],
                    [
                        0.26812,
                        52.38996,
                        0
                    ],
                    [
                        0.26733,
                        52.38818,
                        0
                    ],
                    [
                        0.2672,
                        52.38797,
                        0
                    ],
                    [
                        0.26708,
                        52.38788,
                        0
                    ],
                    [
                        0.2652,
                        52.3871,
                        0
                    ],
                    [
                        0.26496,
                        52.38697,
                        0
                    ],
                    [
                        0.26487,
                        52.38689,
                        0
                    ],
                    [
                        0.26474,
                        52.38672,
                        0
                    ],
                    [
                        0.26437,
                        52.3858,
                        0
                    ],
                    [
                        0.2643,
                        52.38569,
                        0
                    ],
                    [
                        0.26433,
                        52.38566,
                        0
                    ],
                    [
                        0.26425,
                        52.38551,
                        0
                    ],
                    [
                        0.26417,
                        52.38525,
                        0
                    ],
                    [
                        0.2637,
                        52.38232,
                        0
                    ],
                    [
                        0.26353,
                        52.38079,
                        0
                    ],
                    [
                        0.26304,
                        52.37752,
                        0
                    ],
                    [
                        0.26274,
                        52.37631,
                        0
                    ],
                    [
                        0.26203,
                        52.37473,
                        0
                    ],
                    [
                        0.26184,
                        52.37446,
                        0
                    ],
                    [
                        0.26124,
                        52.37381,
                        0
                    ],
                    [
                        0.26082,
                        52.373,
                        0
                    ],
                    [
                        0.26076,
                        52.37299,
                        0
                    ],
                    [
                        0.26057,
                        52.3728,
                        0
                    ],
                    [
                        0.2606,
                        52.37276,
                        0
                    ],
                    [
                        0.26054,
                        52.37259,
                        0
                    ],
                    [
                        0.25984,
                        52.37183,
                        0
                    ],
                    [
                        0.25861,
                        52.37084,
                        0
                    ],
                    [
                        0.258,
                        52.37024,
                        0
                    ],
                    [
                        0.25774,
                        52.36962,
                        0
                    ],
                    [
                        0.25765,
                        52.36914,
                        0
                    ],
                    [
                        0.25773,
                        52.36838,
                        0
                    ],
                    [
                        0.25803,
                        52.36699,
                        0
                    ],
                    [
                        0.25846,
                        52.36597,
                        0
                    ],
                    [
                        0.25894,
                        52.36492,
                        0
                    ],
                    [
                        0.25926,
                        52.36387,
                        0
                    ],
                    [
                        0.25919,
                        52.36309,
                        0
                    ],
                    [
                        0.25885,
                        52.36258,
                        0
                    ],
                    [
                        0.25839,
                        52.3622,
                        0
                    ],
                    [
                        0.25701,
                        52.36094,
                        0
                    ],
                    [
                        0.25653,
                        52.36046,
                        0
                    ],
                    [
                        0.25624,
                        52.35992,
                        0
                    ],
                    [
                        0.25587,
                        52.35905,
                        0
                    ],
                    [
                        0.25546,
                        52.35859,
                        0
                    ],
                    [
                        0.25471,
                        52.35794,
                        0
                    ],
                    [
                        0.25416,
                        52.35687,
                        0
                    ],
                    [
                        0.2537,
                        52.35544,
                        0
                    ],
                    [
                        0.25351,
                        52.35437,
                        0
                    ],
                    [
                        0.25362,
                        52.35255,
                        0
                    ],
                    [
                        0.25355,
                        52.35191,
                        0
                    ],
                    [
                        0.25292,
                        52.35065,
                        0
                    ],
                    [
                        0.25246,
                        52.34923,
                        0
                    ],
                    [
                        0.25208,
                        52.34834,
                        0
                    ],
                    [
                        0.25172,
                        52.34808,
                        0
                    ],
                    [
                        0.25114,
                        52.34775,
                        0
                    ],
                    [
                        0.25097,
                        52.34769,
                        0
                    ],
                    [
                        0.2507,
                        52.34762,
                        0
                    ],
                    [
                        0.25096,
                        52.34732,
                        0
                    ],
                    [
                        0.25076,
                        52.34726,
                        0
                    ],
                    [
                        0.25058,
                        52.34719,
                        0
                    ],
                    [
                        0.24649,
                        52.3475,
                        0
                    ],
                    [
                        0.2465,
                        52.34756,
                        0
                    ],
                    [
                        0.24634,
                        52.3476,
                        0
                    ],
                    [
                        0.24617,
                        52.34759,
                        0
                    ],
                    [
                        0.24496,
                        52.3478,
                        0
                    ],
                    [
                        0.24461,
                        52.34779,
                        0
                    ],
                    [
                        0.24424,
                        52.3477,
                        0
                    ],
                    [
                        0.24385,
                        52.34747,
                        0
                    ],
                    [
                        0.24348,
                        52.34714,
                        0
                    ],
                    [
                        0.24207,
                        52.3462,
                        0
                    ],
                    [
                        0.24157,
                        52.34573,
                        0
                    ],
                    [
                        0.2408,
                        52.34518,
                        0
                    ],
                    [
                        0.2402,
                        52.34462,
                        0
                    ],
                    [
                        0.23954,
                        52.34355,
                        0
                    ],
                    [
                        0.2392,
                        52.34323,
                        0
                    ],
                    [
                        0.23706,
                        52.34198,
                        0
                    ],
                    [
                        0.23599,
                        52.34161,
                        0
                    ],
                    [
                        0.23547,
                        52.34139,
                        0
                    ],
                    [
                        0.23417,
                        52.34052,
                        0
                    ],
                    [
                        0.23228,
                        52.33963,
                        0
                    ],
                    [
                        0.23166,
                        52.33915,
                        0
                    ],
                    [
                        0.23031,
                        52.33863,
                        0
                    ],
                    [
                        0.22971,
                        52.33844,
                        0
                    ],
                    [
                        0.22951,
                        52.33833,
                        0
                    ],
                    [
                        0.22865,
                        52.33777,
                        0
                    ],
                    [
                        0.22829,
                        52.33747,
                        0
                    ],
                    [
                        0.22786,
                        52.33688,
                        0
                    ],
                    [
                        0.22743,
                        52.33664,
                        0
                    ],
                    [
                        0.22707,
                        52.33634,
                        0
                    ],
                    [
                        0.22662,
                        52.33611,
                        0
                    ],
                    [
                        0.22528,
                        52.33498,
                        0
                    ],
                    [
                        0.22444,
                        52.33447,
                        0
                    ],
                    [
                        0.22272,
                        52.33385,
                        0
                    ],
                    [
                        0.22259,
                        52.33384,
                        0
                    ],
                    [
                        0.22256,
                        52.33385,
                        0
                    ],
                    [
                        0.22093,
                        52.333,
                        0
                    ],
                    [
                        0.21961,
                        52.33212,
                        0
                    ],
                    [
                        0.21859,
                        52.33176,
                        0
                    ],
                    [
                        0.21548,
                        52.3294,
                        0
                    ],
                    [
                        0.21358,
                        52.3284,
                        0
                    ],
                    [
                        0.21237,
                        52.32799,
                        0
                    ],
                    [
                        0.21109,
                        52.32763,
                        0
                    ],
                    [
                        0.20983,
                        52.32734,
                        0
                    ],
                    [
                        0.20851,
                        52.32708,
                        0
                    ],
                    [
                        0.20663,
                        52.32679,
                        0
                    ],
                    [
                        0.2062,
                        52.32664,
                        0
                    ],
                    [
                        0.20565,
                        52.32659,
                        0
                    ],
                    [
                        0.20511,
                        52.32657,
                        0
                    ],
                    [
                        0.20435,
                        52.32666,
                        0
                    ],
                    [
                        0.20364,
                        52.32673,
                        0
                    ],
                    [
                        0.20319,
                        52.32675,
                        0
                    ],
                    [
                        0.20291,
                        52.32672,
                        0
                    ],
                    [
                        0.20255,
                        52.32659,
                        0
                    ],
                    [
                        0.20241,
                        52.32652,
                        0
                    ],
                    [
                        0.20217,
                        52.3265,
                        0
                    ],
                    [
                        0.20208,
                        52.32623,
                        0
                    ],
                    [
                        0.20181,
                        52.32559,
                        0
                    ],
                    [
                        0.20143,
                        52.32447,
                        0
                    ],
                    [
                        0.20132,
                        52.32409,
                        0
                    ],
                    [
                        0.20106,
                        52.32343,
                        0
                    ],
                    [
                        0.2009,
                        52.32313,
                        0
                    ],
                    [
                        0.20049,
                        52.32258,
                        0
                    ],
                    [
                        0.20017,
                        52.32221,
                        0
                    ],
                    [
                        0.20003,
                        52.32201,
                        0
                    ],
                    [
                        0.19993,
                        52.32192,
                        0
                    ],
                    [
                        0.19982,
                        52.3219,
                        0
                    ],
                    [
                        0.19963,
                        52.32192,
                        0
                    ],
                    [
                        0.19988,
                        52.32367,
                        0
                    ],
                    [
                        0.19947,
                        52.32368,
                        0
                    ],
                    [
                        0.19896,
                        52.32401,
                        0
                    ],
                    [
                        0.19836,
                        52.32432,
                        0
                    ],
                    [
                        0.19778,
                        52.32449,
                        0
                    ],
                    [
                        0.19704,
                        52.32456,
                        0
                    ],
                    [
                        0.19628,
                        52.32448,
                        0
                    ],
                    [
                        0.19555,
                        52.32431,
                        0
                    ],
                    [
                        0.19446,
                        52.32401,
                        0
                    ],
                    [
                        0.1936,
                        52.32365,
                        0
                    ],
                    [
                        0.19312,
                        52.32355,
                        0
                    ],
                    [
                        0.18986,
                        52.32342,
                        0
                    ],
                    [
                        0.18943,
                        52.32337,
                        0
                    ],
                    [
                        0.18802,
                        52.32293,
                        0
                    ],
                    [
                        0.18703,
                        52.32272,
                        0
                    ],
                    [
                        0.18631,
                        52.32252,
                        0
                    ],
                    [
                        0.18315,
                        52.32186,
                        0
                    ],
                    [
                        0.18159,
                        52.32152,
                        0
                    ],
                    [
                        0.18059,
                        52.32139,
                        0
                    ],
                    [
                        0.17976,
                        52.32135,
                        0
                    ],
                    [
                        0.17853,
                        52.32124,
                        0
                    ],
                    [
                        0.17781,
                        52.32124,
                        0
                    ],
                    [
                        0.1771,
                        52.32114,
                        0
                    ],
                    [
                        0.17656,
                        52.32094,
                        0
                    ],
                    [
                        0.17592,
                        52.32056,
                        0
                    ],
                    [
                        0.17498,
                        52.32018,
                        0
                    ],
                    [
                        0.17405,
                        52.31997,
                        0
                    ],
                    [
                        0.17318,
                        52.31986,
                        0
                    ],
                    [
                        0.173,
                        52.32023,
                        0
                    ],
                    [
                        0.17285,
                        52.32034,
                        0
                    ],
                    [
                        0.17264,
                        52.32036,
                        0
                    ],
                    [
                        0.17075,
                        52.32015,
                        0
                    ],
                    [
                        0.17053,
                        52.32008,
                        0
                    ],
                    [
                        0.17047,
                        52.31989,
                        0
                    ],
                    [
                        0.17049,
                        52.3195,
                        0
                    ],
                    [
                        0.17032,
                        52.31938,
                        0
                    ],
                    [
                        0.16989,
                        52.31921,
                        0
                    ],
                    [
                        0.16955,
                        52.31898,
                        0
                    ],
                    [
                        0.16946,
                        52.3188,
                        0
                    ],
                    [
                        0.16929,
                        52.31829,
                        0
                    ],
                    [
                        0.16919,
                        52.31811,
                        0
                    ],
                    [
                        0.16882,
                        52.31798,
                        0
                    ],
                    [
                        0.16862,
                        52.31813,
                        0
                    ],
                    [
                        0.16846,
                        52.31814,
                        0
                    ],
                    [
                        0.16798,
                        52.318,
                        0
                    ],
                    [
                        0.16773,
                        52.31798,
                        0
                    ],
                    [
                        0.16741,
                        52.31809,
                        0
                    ],
                    [
                        0.16708,
                        52.31819,
                        0
                    ],
                    [
                        0.16653,
                        52.31867,
                        0
                    ],
                    [
                        0.16599,
                        52.31935,
                        0
                    ],
                    [
                        0.16498,
                        52.32056,
                        0
                    ],
                    [
                        0.16425,
                        52.32092,
                        0
                    ],
                    [
                        0.16383,
                        52.32128,
                        0
                    ],
                    [
                        0.16356,
                        52.32166,
                        0
                    ],
                    [
                        0.16318,
                        52.3221,
                        0
                    ],
                    [
                        0.16313,
                        52.32259,
                        0
                    ],
                    [
                        0.16315,
                        52.3228,
                        0
                    ],
                    [
                        0.16332,
                        52.32307,
                        0
                    ],
                    [
                        0.16332,
                        52.32327,
                        0
                    ],
                    [
                        0.16321,
                        52.32353,
                        0
                    ],
                    [
                        0.16313,
                        52.32396,
                        0
                    ],
                    [
                        0.16292,
                        52.32426,
                        0
                    ],
                    [
                        0.16267,
                        52.32442,
                        0
                    ],
                    [
                        0.16118,
                        52.32456,
                        0
                    ],
                    [
                        0.16025,
                        52.32452,
                        0
                    ],
                    [
                        0.15927,
                        52.32452,
                        0
                    ],
                    [
                        0.15813,
                        52.3246,
                        0
                    ],
                    [
                        0.15689,
                        52.32462,
                        0
                    ],
                    [
                        0.15551,
                        52.32466,
                        0
                    ],
                    [
                        0.15466,
                        52.32472,
                        0
                    ],
                    [
                        0.15396,
                        52.32488,
                        0
                    ],
                    [
                        0.1533,
                        52.32491,
                        0
                    ],
                    [
                        0.15195,
                        52.3248,
                        0
                    ],
                    [
                        0.15118,
                        52.32489,
                        0
                    ],
                    [
                        0.1506,
                        52.32509,
                        0
                    ],
                    [
                        0.14988,
                        52.3256,
                        0
                    ],
                    [
                        0.14946,
                        52.32568,
                        0
                    ],
                    [
                        0.14889,
                        52.32565,
                        0
                    ],
                    [
                        0.14838,
                        52.32537,
                        0
                    ],
                    [
                        0.14802,
                        52.32524,
                        0
                    ],
                    [
                        0.14782,
                        52.32494,
                        0
                    ],
                    [
                        0.14751,
                        52.32473,
                        0
                    ],
                    [
                        0.1468,
                        52.3245,
                        0
                    ],
                    [
                        0.14602,
                        52.32435,
                        0
                    ],
                    [
                        0.14484,
                        52.32428,
                        0
                    ],
                    [
                        0.14397,
                        52.32429,
                        0
                    ],
                    [
                        0.1435,
                        52.32437,
                        0
                    ],
                    [
                        0.14329,
                        52.32436,
                        0
                    ],
                    [
                        0.14289,
                        52.32427,
                        0
                    ],
                    [
                        0.14225,
                        52.32323,
                        0
                    ],
                    [
                        0.14195,
                        52.32285,
                        0
                    ],
                    [
                        0.14191,
                        52.32266,
                        0
                    ],
                    [
                        0.14225,
                        52.32133,
                        0
                    ],
                    [
                        0.14214,
                        52.32113,
                        0
                    ],
                    [
                        0.14182,
                        52.32098,
                        0
                    ],
                    [
                        0.14109,
                        52.32086,
                        0
                    ],
                    [
                        0.14043,
                        52.32091,
                        0
                    ],
                    [
                        0.13975,
                        52.32091,
                        0
                    ],
                    [
                        0.13889,
                        52.32113,
                        0
                    ],
                    [
                        0.13814,
                        52.32142,
                        0
                    ],
                    [
                        0.13656,
                        52.32213,
                        0
                    ],
                    [
                        0.1351,
                        52.32274,
                        0
                    ],
                    [
                        0.13399,
                        52.3233,
                        0
                    ],
                    [
                        0.13132,
                        52.32495,
                        0
                    ],
                    [
                        0.13039,
                        52.32534,
                        0
                    ],
                    [
                        0.12961,
                        52.32536,
                        0
                    ],
                    [
                        0.12833,
                        52.32551,
                        0
                    ],
                    [
                        0.12781,
                        52.32577,
                        0
                    ],
                    [
                        0.12625,
                        52.32676,
                        0
                    ],
                    [
                        0.12569,
                        52.32694,
                        0
                    ],
                    [
                        0.12481,
                        52.32714,
                        0
                    ],
                    [
                        0.12341,
                        52.32728,
                        0
                    ],
                    [
                        0.12245,
                        52.32771,
                        0
                    ],
                    [
                        0.12173,
                        52.32784,
                        0
                    ],
                    [
                        0.12109,
                        52.32819,
                        0
                    ],
                    [
                        0.12037,
                        52.32834,
                        0
                    ],
                    [
                        0.11887,
                        52.32853,
                        0
                    ],
                    [
                        0.11736,
                        52.3286,
                        0
                    ],
                    [
                        0.11676,
                        52.32858,
                        0
                    ],
                    [
                        0.1162,
                        52.32872,
                        0
                    ],
                    [
                        0.11509,
                        52.32857,
                        0
                    ],
                    [
                        0.11443,
                        52.32856,
                        0
                    ],
                    [
                        0.11275,
                        52.32868,
                        0
                    ],
                    [
                        0.11227,
                        52.32869,
                        0
                    ],
                    [
                        0.11149,
                        52.32855,
                        0
                    ],
                    [
                        0.111,
                        52.32857,
                        0
                    ],
                    [
                        0.10966,
                        52.32882,
                        0
                    ],
                    [
                        0.10945,
                        52.32894,
                        0
                    ],
                    [
                        0.10929,
                        52.329,
                        0
                    ],
                    [
                        0.1091,
                        52.32912,
                        0
                    ],
                    [
                        0.10893,
                        52.3293,
                        0
                    ],
                    [
                        0.10884,
                        52.32935,
                        0
                    ],
                    [
                        0.10826,
                        52.32947,
                        0
                    ],
                    [
                        0.1077,
                        52.32948,
                        0
                    ],
                    [
                        0.1067,
                        52.32938,
                        0
                    ],
                    [
                        0.1061,
                        52.32927,
                        0
                    ],
                    [
                        0.10531,
                        52.32905,
                        0
                    ],
                    [
                        0.10507,
                        52.32906,
                        0
                    ],
                    [
                        0.10469,
                        52.32918,
                        0
                    ],
                    [
                        0.10438,
                        52.32942,
                        0
                    ],
                    [
                        0.10397,
                        52.32983,
                        0
                    ],
                    [
                        0.10364,
                        52.33013,
                        0
                    ],
                    [
                        0.10327,
                        52.33028,
                        0
                    ],
                    [
                        0.10267,
                        52.33041,
                        0
                    ],
                    [
                        0.10201,
                        52.33068,
                        0
                    ],
                    [
                        0.10101,
                        52.33099,
                        0
                    ],
                    [
                        0.09935,
                        52.3314,
                        0
                    ],
                    [
                        0.09794,
                        52.33153,
                        0
                    ],
                    [
                        0.09758,
                        52.3315,
                        0
                    ],
                    [
                        0.09708,
                        52.33153,
                        0
                    ],
                    [
                        0.0968,
                        52.33165,
                        0
                    ],
                    [
                        0.09574,
                        52.33251,
                        0
                    ],
                    [
                        0.09561,
                        52.33264,
                        0
                    ],
                    [
                        0.09541,
                        52.33306,
                        0
                    ],
                    [
                        0.09524,
                        52.33323,
                        0
                    ],
                    [
                        0.09498,
                        52.33337,
                        0
                    ],
                    [
                        0.09467,
                        52.33349,
                        0
                    ],
                    [
                        0.09454,
                        52.33357,
                        0
                    ],
                    [
                        0.09443,
                        52.33374,
                        0
                    ],
                    [
                        0.09424,
                        52.33387,
                        0
                    ],
                    [
                        0.09397,
                        52.33395,
                        0
                    ],
                    [
                        0.0939,
                        52.33401,
                        0
                    ],
                    [
                        0.09386,
                        52.33409,
                        0
                    ],
                    [
                        0.09372,
                        52.33419,
                        0
                    ],
                    [
                        0.09343,
                        52.33422,
                        0
                    ],
                    [
                        0.09309,
                        52.33422,
                        0
                    ],
                    [
                        0.09272,
                        52.33433,
                        0
                    ],
                    [
                        0.0914,
                        52.33499,
                        0
                    ],
                    [
                        0.09015,
                        52.33515,
                        0
                    ],
                    [
                        0.0895,
                        52.33527,
                        0
                    ],
                    [
                        0.08703,
                        52.33568,
                        0
                    ],
                    [
                        0.08686,
                        52.33566,
                        0
                    ],
                    [
                        0.08585,
                        52.33526,
                        0
                    ],
                    [
                        0.08467,
                        52.33486,
                        0
                    ],
                    [
                        0.08433,
                        52.33484,
                        0
                    ],
                    [
                        0.08247,
                        52.33502,
                        0
                    ],
                    [
                        0.08194,
                        52.33514,
                        0
                    ],
                    [
                        0.08104,
                        52.33557,
                        0
                    ],
                    [
                        0.0795,
                        52.3362,
                        0
                    ],
                    [
                        0.07947,
                        52.33625,
                        0
                    ],
                    [
                        0.07902,
                        52.33641,
                        0
                    ],
                    [
                        0.07724,
                        52.337,
                        0
                    ],
                    [
                        0.07624,
                        52.33749,
                        0
                    ],
                    [
                        0.07524,
                        52.33807,
                        0
                    ],
                    [
                        0.07479,
                        52.33827,
                        0
                    ],
                    [
                        0.07371,
                        52.33871,
                        0
                    ],
                    [
                        0.07145,
                        52.33937,
                        0
                    ],
                    [
                        0.07082,
                        52.33958,
                        0
                    ],
                    [
                        0.06995,
                        52.3399,
                        0
                    ],
                    [
                        0.06861,
                        52.34047,
                        0
                    ],
                    [
                        0.06461,
                        52.34192,
                        0
                    ],
                    [
                        0.0638,
                        52.34232,
                        0
                    ],
                    [
                        0.06325,
                        52.34265,
                        0
                    ],
                    [
                        0.06282,
                        52.34285,
                        0
                    ],
                    [
                        0.06183,
                        52.34323,
                        0
                    ],
                    [
                        0.06026,
                        52.34395,
                        0
                    ],
                    [
                        0.05911,
                        52.3445,
                        0
                    ],
                    [
                        0.05875,
                        52.34486,
                        0
                    ],
                    [
                        0.05875,
                        52.34493,
                        0
                    ],
                    [
                        0.05895,
                        52.34503,
                        0
                    ],
                    [
                        0.05911,
                        52.34517,
                        0
                    ],
                    [
                        0.05908,
                        52.34531,
                        0
                    ],
                    [
                        0.05899,
                        52.34546,
                        0
                    ],
                    [
                        0.05887,
                        52.34558,
                        0
                    ],
                    [
                        0.05857,
                        52.34568,
                        0
                    ],
                    [
                        0.05812,
                        52.34577,
                        0
                    ],
                    [
                        0.05796,
                        52.34586,
                        0
                    ],
                    [
                        0.05759,
                        52.34626,
                        0
                    ],
                    [
                        0.05739,
                        52.3464,
                        0
                    ],
                    [
                        0.05665,
                        52.34671,
                        0
                    ],
                    [
                        0.05598,
                        52.34706,
                        0
                    ],
                    [
                        0.05358,
                        52.34811,
                        0
                    ],
                    [
                        0.05132,
                        52.34906,
                        0
                    ],
                    [
                        0.04909,
                        52.35024,
                        0
                    ],
                    [
                        0.04839,
                        52.35071,
                        0
                    ],
                    [
                        0.04736,
                        52.3513,
                        0
                    ],
                    [
                        0.04604,
                        52.35214,
                        0
                    ],
                    [
                        0.04474,
                        52.35264,
                        0
                    ],
                    [
                        0.04481,
                        52.3529,
                        0
                    ],
                    [
                        0.04473,
                        52.35294,
                        0
                    ],
                    [
                        0.0446,
                        52.35297,
                        0
                    ],
                    [
                        0.04357,
                        52.3531,
                        0
                    ],
                    [
                        0.04263,
                        52.35338,
                        0
                    ],
                    [
                        0.04137,
                        52.35348,
                        0
                    ]
                ]
            },
            "properties": {
                "name": "Earith to Ely",
                "distance": 25,
                "description": "The route heads around Upper Delphs, Ewell Fen, Holme Fen, Upper Cuts, Middle Cuts and Chear Fen - all names for stretches of reclaimed land.",
                "link": "/walks/1-earith-to-ely-25-km.html",
                "image": "/assets/images/3/ely_3.jpg",
				"stroke": "#f57c00",
				"stroke-opacity": 1,
				"strokewidth": 4
            }
        },
        {
            "type": "Feature",
            "geometry": {
                "type": "LineString",
                "coordinates": [
                    [
                        0.04364,
                        52.35188,
                        0
                    ],
                    [
                        0.04382,
                        52.3519,
                        0
                    ],
                    [
                        0.04416,
                        52.35208,
                        0
                    ],
                    [
                        0.04424,
                        52.3521,
                        0
                    ],
                    [
                        0.04469,
                        52.35203,
                        0
                    ],
                    [
                        0.04495,
                        52.35201,
                        0
                    ],
                    [
                        0.04506,
                        52.35205,
                        0
                    ],
                    [
                        0.04489,
                        52.35222,
                        0
                    ],
                    [
                        0.04473,
                        52.35258,
                        0
                    ],
                    [
                        0.04481,
                        52.3529,
                        0
                    ],
                    [
                        0.04473,
                        52.35294,
                        0
                    ],
                    [
                        0.0446,
                        52.35297,
                        0
                    ],
                    [
                        0.0447,
                        52.35303,
                        0
                    ],
                    [
                        0.04498,
                        52.35315,
                        0
                    ],
                    [
                        0.04585,
                        52.35392,
                        0
                    ],
                    [
                        0.04674,
                        52.35479,
                        0
                    ],
                    [
                        0.04732,
                        52.35517,
                        0
                    ],
                    [
                        0.04889,
                        52.35605,
                        0
                    ],
                    [
                        0.05026,
                        52.35715,
                        0
                    ],
                    [
                        0.05073,
                        52.35744,
                        0
                    ],
                    [
                        0.06394,
                        52.36772,
                        0
                    ],
                    [
                        0.06908,
                        52.37166,
                        0
                    ],
                    [
                        0.07623,
                        52.37726,
                        0
                    ],
                    [
                        0.07918,
                        52.3795,
                        0
                    ],
                    [
                        0.09376,
                        52.39078,
                        0
                    ],
                    [
                        0.09444,
                        52.39135,
                        0
                    ],
                    [
                        0.09528,
                        52.39235,
                        0
                    ],
                    [
                        0.09733,
                        52.39498,
                        0
                    ],
                    [
                        0.09811,
                        52.39613,
                        0
                    ],
                    [
                        0.09834,
                        52.39626,
                        0
                    ],
                    [
                        0.09837,
                        52.39629,
                        0
                    ],
                    [
                        0.09831,
                        52.39628,
                        0
                    ],
                    [
                        0.09744,
                        52.39635,
                        0
                    ],
                    [
                        0.09786,
                        52.39698,
                        0
                    ],
                    [
                        0.09903,
                        52.39818,
                        0
                    ],
                    [
                        0.09998,
                        52.39897,
                        0
                    ],
                    [
                        0.10179,
                        52.40042,
                        0
                    ],
                    [
                        0.10211,
                        52.40074,
                        0
                    ],
                    [
                        0.10409,
                        52.40238,
                        0
                    ],
                    [
                        0.10482,
                        52.40303,
                        0
                    ],
                    [
                        0.1064,
                        52.40429,
                        0
                    ],
                    [
                        0.1089,
                        52.40641,
                        0
                    ],
                    [
                        0.11187,
                        52.40865,
                        0
                    ],
                    [
                        0.1129,
                        52.40938,
                        0
                    ],
                    [
                        0.11443,
                        52.41027,
                        0
                    ],
                    [
                        0.11511,
                        52.41077,
                        0
                    ],
                    [
                        0.11524,
                        52.41094,
                        0
                    ],
                    [
                        0.11672,
                        52.41092,
                        0
                    ],
                    [
                        0.11681,
                        52.41107,
                        0
                    ],
                    [
                        0.11945,
                        52.41249,
                        0
                    ],
                    [
                        0.12334,
                        52.41453,
                        0
                    ],
                    [
                        0.12338,
                        52.41457,
                        0
                    ],
                    [
                        0.12337,
                        52.4146,
                        0
                    ],
                    [
                        0.12342,
                        52.41465,
                        0
                    ],
                    [
                        0.12507,
                        52.41539,
                        0
                    ],
                    [
                        0.12754,
                        52.41637,
                        0
                    ],
                    [
                        0.13923,
                        52.42078,
                        0
                    ],
                    [
                        0.1394,
                        52.42061,
                        0
                    ],
                    [
                        0.13964,
                        52.42049,
                        0
                    ],
                    [
                        0.1401,
                        52.42031,
                        0
                    ],
                    [
                        0.14486,
                        52.41927,
                        0
                    ],
                    [
                        0.14799,
                        52.41917,
                        0
                    ],
                    [
                        0.1554,
                        52.41863,
                        0
                    ],
                    [
                        0.15574,
                        52.41862,
                        0
                    ],
                    [
                        0.15604,
                        52.41863,
                        0
                    ],
                    [
                        0.15903,
                        52.41876,
                        0
                    ],
                    [
                        0.15914,
                        52.41873,
                        0
                    ],
                    [
                        0.15937,
                        52.41878,
                        0
                    ],
                    [
                        0.15993,
                        52.41881,
                        0
                    ],
                    [
                        0.16003,
                        52.41884,
                        0
                    ],
                    [
                        0.16009,
                        52.41888,
                        0
                    ],
                    [
                        0.1606,
                        52.41879,
                        0
                    ],
                    [
                        0.16272,
                        52.41905,
                        0
                    ],
                    [
                        0.16282,
                        52.41912,
                        0
                    ],
                    [
                        0.1628,
                        52.41931,
                        0
                    ],
                    [
                        0.16286,
                        52.41939,
                        0
                    ],
                    [
                        0.16294,
                        52.41941,
                        0
                    ],
                    [
                        0.16325,
                        52.41945,
                        0
                    ],
                    [
                        0.16334,
                        52.41939,
                        0
                    ],
                    [
                        0.16358,
                        52.41913,
                        0
                    ],
                    [
                        0.16359,
                        52.41899,
                        0
                    ],
                    [
                        0.16387,
                        52.41814,
                        0
                    ],
                    [
                        0.16391,
                        52.41796,
                        0
                    ],
                    [
                        0.16431,
                        52.41793,
                        0
                    ],
                    [
                        0.16559,
                        52.4178,
                        0
                    ],
                    [
                        0.16587,
                        52.41775,
                        0
                    ],
                    [
                        0.16607,
                        52.41769,
                        0
                    ],
                    [
                        0.16625,
                        52.41758,
                        0
                    ],
                    [
                        0.1664,
                        52.41739,
                        0
                    ],
                    [
                        0.16666,
                        52.41739,
                        0
                    ],
                    [
                        0.16677,
                        52.41737,
                        0
                    ],
                    [
                        0.16844,
                        52.41659,
                        0
                    ],
                    [
                        0.16869,
                        52.41651,
                        0
                    ],
                    [
                        0.17034,
                        52.41627,
                        0
                    ],
                    [
                        0.17067,
                        52.4162,
                        0
                    ],
                    [
                        0.17089,
                        52.41609,
                        0
                    ],
                    [
                        0.17105,
                        52.41592,
                        0
                    ],
                    [
                        0.17108,
                        52.41585,
                        0
                    ],
                    [
                        0.17103,
                        52.41549,
                        0
                    ],
                    [
                        0.17108,
                        52.41533,
                        0
                    ],
                    [
                        0.1712,
                        52.41525,
                        0
                    ],
                    [
                        0.17142,
                        52.41516,
                        0
                    ],
                    [
                        0.17394,
                        52.41444,
                        0
                    ],
                    [
                        0.17538,
                        52.41401,
                        0
                    ],
                    [
                        0.17627,
                        52.41367,
                        0
                    ],
                    [
                        0.17696,
                        52.41346,
                        0
                    ],
                    [
                        0.17932,
                        52.41282,
                        0
                    ],
                    [
                        0.18206,
                        52.41213,
                        0
                    ],
                    [
                        0.18263,
                        52.4125,
                        0
                    ],
                    [
                        0.1828,
                        52.41266,
                        0
                    ],
                    [
                        0.18337,
                        52.41339,
                        0
                    ],
                    [
                        0.18346,
                        52.41345,
                        0
                    ],
                    [
                        0.18358,
                        52.4135,
                        0
                    ],
                    [
                        0.18388,
                        52.41358,
                        0
                    ],
                    [
                        0.18409,
                        52.41372,
                        0
                    ],
                    [
                        0.18467,
                        52.41451,
                        0
                    ],
                    [
                        0.18535,
                        52.41514,
                        0
                    ],
                    [
                        0.18611,
                        52.4158,
                        0
                    ],
                    [
                        0.18675,
                        52.41624,
                        0
                    ],
                    [
                        0.18704,
                        52.41641,
                        0
                    ],
                    [
                        0.18729,
                        52.41651,
                        0
                    ],
                    [
                        0.18804,
                        52.41668,
                        0
                    ],
                    [
                        0.18937,
                        52.41623,
                        0
                    ],
                    [
                        0.19076,
                        52.4158,
                        0
                    ],
                    [
                        0.19361,
                        52.41497,
                        0
                    ],
                    [
                        0.19725,
                        52.41368,
                        0
                    ],
                    [
                        0.1974,
                        52.41367,
                        0
                    ],
                    [
                        0.19747,
                        52.41367,
                        0
                    ],
                    [
                        0.19755,
                        52.4137,
                        0
                    ],
                    [
                        0.19764,
                        52.41375,
                        0
                    ],
                    [
                        0.19783,
                        52.4139,
                        0
                    ],
                    [
                        0.20026,
                        52.41604,
                        0
                    ],
                    [
                        0.20067,
                        52.41643,
                        0
                    ],
                    [
                        0.20142,
                        52.41732,
                        0
                    ],
                    [
                        0.20151,
                        52.41737,
                        0
                    ],
                    [
                        0.20173,
                        52.41745,
                        0
                    ],
                    [
                        0.20188,
                        52.41748,
                        0
                    ],
                    [
                        0.20204,
                        52.41748,
                        0
                    ],
                    [
                        0.20222,
                        52.41746,
                        0
                    ],
                    [
                        0.20252,
                        52.41736,
                        0
                    ],
                    [
                        0.2056,
                        52.41597,
                        0
                    ],
                    [
                        0.21092,
                        52.41352,
                        0
                    ],
                    [
                        0.21134,
                        52.41334,
                        0
                    ],
                    [
                        0.21178,
                        52.41323,
                        0
                    ],
                    [
                        0.21203,
                        52.41319,
                        0
                    ],
                    [
                        0.21247,
                        52.41317,
                        0
                    ],
                    [
                        0.21294,
                        52.41323,
                        0
                    ],
                    [
                        0.21346,
                        52.41333,
                        0
                    ],
                    [
                        0.21375,
                        52.41344,
                        0
                    ],
                    [
                        0.21398,
                        52.41355,
                        0
                    ],
                    [
                        0.21414,
                        52.41365,
                        0
                    ],
                    [
                        0.21628,
                        52.41534,
                        0
                    ],
                    [
                        0.21656,
                        52.41547,
                        0
                    ],
                    [
                        0.21678,
                        52.41549,
                        0
                    ],
                    [
                        0.21706,
                        52.41546,
                        0
                    ],
                    [
                        0.21728,
                        52.41538,
                        0
                    ],
                    [
                        0.22045,
                        52.41398,
                        0
                    ],
                    [
                        0.22107,
                        52.41368,
                        0
                    ],
                    [
                        0.222,
                        52.41315,
                        0
                    ],
                    [
                        0.22265,
                        52.41282,
                        0
                    ],
                    [
                        0.22478,
                        52.41191,
                        0
                    ],
                    [
                        0.2272,
                        52.41083,
                        0
                    ],
                    [
                        0.2278,
                        52.4106,
                        0
                    ],
                    [
                        0.22925,
                        52.40995,
                        0
                    ],
                    [
                        0.23043,
                        52.40946,
                        0
                    ],
                    [
                        0.23317,
                        52.40827,
                        0
                    ],
                    [
                        0.23377,
                        52.40792,
                        0
                    ],
                    [
                        0.23443,
                        52.40762,
                        0
                    ],
                    [
                        0.23526,
                        52.40695,
                        0
                    ],
                    [
                        0.2356,
                        52.40676,
                        0
                    ],
                    [
                        0.23576,
                        52.4067,
                        0
                    ],
                    [
                        0.23921,
                        52.40562,
                        0
                    ],
                    [
                        0.23972,
                        52.40555,
                        0
                    ],
                    [
                        0.24146,
                        52.40537,
                        0
                    ],
                    [
                        0.24184,
                        52.40536,
                        0
                    ],
                    [
                        0.2433,
                        52.4054,
                        0
                    ],
                    [
                        0.24413,
                        52.4055,
                        0
                    ],
                    [
                        0.24432,
                        52.40551,
                        0
                    ],
                    [
                        0.24447,
                        52.4055,
                        0
                    ],
                    [
                        0.24492,
                        52.40536,
                        0
                    ],
                    [
                        0.24541,
                        52.40515,
                        0
                    ],
                    [
                        0.24575,
                        52.40499,
                        0
                    ],
                    [
                        0.24565,
                        52.40491,
                        0
                    ],
                    [
                        0.24564,
                        52.40487,
                        0
                    ],
                    [
                        0.24567,
                        52.40471,
                        0
                    ],
                    [
                        0.24584,
                        52.40448,
                        0
                    ],
                    [
                        0.24602,
                        52.40436,
                        0
                    ],
                    [
                        0.24601,
                        52.40418,
                        0
                    ],
                    [
                        0.24607,
                        52.40406,
                        0
                    ],
                    [
                        0.24612,
                        52.40402,
                        0
                    ],
                    [
                        0.24607,
                        52.40392,
                        0
                    ],
                    [
                        0.24561,
                        52.4035,
                        0
                    ],
                    [
                        0.24581,
                        52.40342,
                        0
                    ],
                    [
                        0.24598,
                        52.4034,
                        0
                    ],
                    [
                        0.24626,
                        52.40329,
                        0
                    ],
                    [
                        0.2463,
                        52.40307,
                        0
                    ],
                    [
                        0.24675,
                        52.40288,
                        0
                    ],
                    [
                        0.24676,
                        52.40283,
                        0
                    ],
                    [
                        0.24661,
                        52.40271,
                        0
                    ],
                    [
                        0.2472,
                        52.40236,
                        0
                    ],
                    [
                        0.24724,
                        52.40229,
                        0
                    ],
                    [
                        0.24735,
                        52.40225,
                        0
                    ],
                    [
                        0.24778,
                        52.40193,
                        0
                    ],
                    [
                        0.24789,
                        52.40163,
                        0
                    ],
                    [
                        0.24774,
                        52.40144,
                        0
                    ],
                    [
                        0.24786,
                        52.40137,
                        0
                    ],
                    [
                        0.24839,
                        52.40116,
                        0
                    ],
                    [
                        0.24842,
                        52.40119,
                        0
                    ],
                    [
                        0.24848,
                        52.4012,
                        0
                    ],
                    [
                        0.24947,
                        52.40087,
                        0
                    ],
                    [
                        0.24959,
                        52.40082,
                        0
                    ],
                    [
                        0.25006,
                        52.40054,
                        0
                    ],
                    [
                        0.25223,
                        52.39976,
                        0
                    ],
                    [
                        0.25377,
                        52.39911,
                        0
                    ],
                    [
                        0.25457,
                        52.39887,
                        0
                    ],
                    [
                        0.25504,
                        52.39878,
                        0
                    ],
                    [
                        0.25628,
                        52.3984,
                        0
                    ],
                    [
                        0.25668,
                        52.39831,
                        0
                    ],
                    [
                        0.25688,
                        52.39824,
                        0
                    ],
                    [
                        0.25758,
                        52.39841,
                        0
                    ],
                    [
                        0.25819,
                        52.39858,
                        0
                    ],
                    [
                        0.2586,
                        52.39872,
                        0
                    ],
                    [
                        0.25894,
                        52.39888,
                        0
                    ],
                    [
                        0.25905,
                        52.39881,
                        0
                    ],
                    [
                        0.25909,
                        52.3988,
                        0
                    ],
                    [
                        0.25999,
                        52.39907,
                        0
                    ],
                    [
                        0.26023,
                        52.39905,
                        0
                    ],
                    [
                        0.26057,
                        52.39904,
                        0
                    ],
                    [
                        0.26062,
                        52.39909,
                        0
                    ],
                    [
                        0.26171,
                        52.39915,
                        0
                    ],
                    [
                        0.26236,
                        52.39921,
                        0
                    ],
                    [
                        0.26241,
                        52.39931,
                        0
                    ],
                    [
                        0.26282,
                        52.39932,
                        0
                    ],
                    [
                        0.26317,
                        52.39931,
                        0
                    ],
                    [
                        0.26349,
                        52.39927,
                        0
                    ],
                    [
                        0.26357,
                        52.39945,
                        0
                    ],
                    [
                        0.26432,
                        52.39932,
                        0
                    ]
                ]
            },
            "properties": {
                "name": "Earith to Ely alternative",
                "distance": 21,
                "description": "This alternative route to Ely lets you get a feel for the effort undertaken to drain the Fens. It also is a shorter...",
                "link": "/walks/1-earith-to-ely-25-km.html",
                "image": "/assets/images/3/new_bedford_river.jpg",
                "stroke": "#6d69699a",
                "stroke-opacity": 1,
                "strokewidth": 3
            }
        },
        {
            "type": "Feature",
            "geometry": {
                "type": "LineString",
                "coordinates": [
                    [
                        0.27005,
                        52.39591,
                        0
                    ],
                    [
                        0.27011,
                        52.39613,
                        0
                    ],
                    [
                        0.27003,
                        52.39642,
                        0
                    ],
                    [
                        0.27002,
                        52.39688,
                        0
                    ],
                    [
                        0.26995,
                        52.39702,
                        0
                    ],
                    [
                        0.26968,
                        52.39736,
                        0
                    ],
                    [
                        0.26959,
                        52.39744,
                        0
                    ],
                    [
                        0.26928,
                        52.39761,
                        0
                    ],
                    [
                        0.26923,
                        52.39766,
                        0
                    ],
                    [
                        0.26931,
                        52.39768,
                        0
                    ],
                    [
                        0.26939,
                        52.39772,
                        0
                    ],
                    [
                        0.27,
                        52.39814,
                        0
                    ],
                    [
                        0.27111,
                        52.39884,
                        0
                    ],
                    [
                        0.27158,
                        52.39917,
                        0
                    ],
                    [
                        0.27208,
                        52.39948,
                        0
                    ],
                    [
                        0.27249,
                        52.39966,
                        0
                    ],
                    [
                        0.27245,
                        52.39969,
                        0
                    ],
                    [
                        0.27255,
                        52.39972,
                        0
                    ],
                    [
                        0.273,
                        52.39999,
                        0
                    ],
                    [
                        0.27297,
                        52.40001,
                        0
                    ],
                    [
                        0.27309,
                        52.40008,
                        0
                    ],
                    [
                        0.27292,
                        52.40019,
                        0
                    ],
                    [
                        0.27305,
                        52.40027,
                        0
                    ],
                    [
                        0.27304,
                        52.40034,
                        0
                    ],
                    [
                        0.27289,
                        52.40043,
                        0
                    ],
                    [
                        0.27289,
                        52.40048,
                        0
                    ],
                    [
                        0.27304,
                        52.40071,
                        0
                    ],
                    [
                        0.27345,
                        52.40088,
                        0
                    ],
                    [
                        0.27395,
                        52.401,
                        0
                    ],
                    [
                        0.27458,
                        52.40123,
                        0
                    ],
                    [
                        0.27461,
                        52.40126,
                        0
                    ],
                    [
                        0.27495,
                        52.4014,
                        0
                    ],
                    [
                        0.27486,
                        52.40148,
                        0
                    ],
                    [
                        0.2749,
                        52.40154,
                        0
                    ],
                    [
                        0.27498,
                        52.40155,
                        0
                    ],
                    [
                        0.27505,
                        52.4016,
                        0
                    ],
                    [
                        0.27505,
                        52.40175,
                        0
                    ],
                    [
                        0.27496,
                        52.40207,
                        0
                    ],
                    [
                        0.27476,
                        52.40239,
                        0
                    ],
                    [
                        0.27489,
                        52.40242,
                        0
                    ],
                    [
                        0.27483,
                        52.40253,
                        0
                    ],
                    [
                        0.27472,
                        52.40254,
                        0
                    ],
                    [
                        0.27501,
                        52.40273,
                        0
                    ],
                    [
                        0.27525,
                        52.4027,
                        0
                    ],
                    [
                        0.27623,
                        52.40286,
                        0
                    ],
                    [
                        0.27738,
                        52.40285,
                        0
                    ],
                    [
                        0.27806,
                        52.40293,
                        0
                    ],
                    [
                        0.27847,
                        52.40294,
                        0
                    ],
                    [
                        0.27891,
                        52.4029,
                        0
                    ],
                    [
                        0.27925,
                        52.40283,
                        0
                    ],
                    [
                        0.27936,
                        52.40289,
                        0
                    ],
                    [
                        0.27991,
                        52.40313,
                        0
                    ],
                    [
                        0.2806,
                        52.40315,
                        0
                    ],
                    [
                        0.28103,
                        52.40331,
                        0
                    ],
                    [
                        0.28119,
                        52.40372,
                        0
                    ],
                    [
                        0.28161,
                        52.40468,
                        0
                    ],
                    [
                        0.2821,
                        52.40547,
                        0
                    ],
                    [
                        0.28231,
                        52.40568,
                        0
                    ],
                    [
                        0.28219,
                        52.40573,
                        0
                    ],
                    [
                        0.28267,
                        52.40616,
                        0
                    ],
                    [
                        0.28294,
                        52.40637,
                        0
                    ],
                    [
                        0.28408,
                        52.40709,
                        0
                    ],
                    [
                        0.28499,
                        52.40763,
                        0
                    ],
                    [
                        0.28579,
                        52.40805,
                        0
                    ],
                    [
                        0.28626,
                        52.40837,
                        0
                    ],
                    [
                        0.28647,
                        52.40859,
                        0
                    ],
                    [
                        0.28648,
                        52.40863,
                        0
                    ],
                    [
                        0.28662,
                        52.40874,
                        0
                    ],
                    [
                        0.28672,
                        52.40897,
                        0
                    ],
                    [
                        0.28657,
                        52.40898,
                        0
                    ],
                    [
                        0.28658,
                        52.40907,
                        0
                    ],
                    [
                        0.28665,
                        52.40914,
                        0
                    ],
                    [
                        0.28692,
                        52.40923,
                        0
                    ],
                    [
                        0.28712,
                        52.40996,
                        0
                    ],
                    [
                        0.28722,
                        52.4105,
                        0
                    ],
                    [
                        0.28741,
                        52.41081,
                        0
                    ],
                    [
                        0.28773,
                        52.41097,
                        0
                    ],
                    [
                        0.28842,
                        52.41125,
                        0
                    ],
                    [
                        0.28882,
                        52.41158,
                        0
                    ],
                    [
                        0.28897,
                        52.41197,
                        0
                    ],
                    [
                        0.28893,
                        52.41267,
                        0
                    ],
                    [
                        0.28917,
                        52.41311,
                        0
                    ],
                    [
                        0.29018,
                        52.41403,
                        0
                    ],
                    [
                        0.2918,
                        52.41539,
                        0
                    ],
                    [
                        0.29237,
                        52.41584,
                        0
                    ],
                    [
                        0.2926,
                        52.41606,
                        0
                    ],
                    [
                        0.29427,
                        52.4174,
                        0
                    ],
                    [
                        0.2946,
                        52.41761,
                        0
                    ],
                    [
                        0.2947,
                        52.41772,
                        0
                    ],
                    [
                        0.29516,
                        52.41808,
                        0
                    ],
                    [
                        0.29544,
                        52.41824,
                        0
                    ],
                    [
                        0.29659,
                        52.41882,
                        0
                    ],
                    [
                        0.2974,
                        52.41918,
                        0
                    ],
                    [
                        0.29781,
                        52.41933,
                        0
                    ],
                    [
                        0.29816,
                        52.41952,
                        0
                    ],
                    [
                        0.29843,
                        52.41964,
                        0
                    ],
                    [
                        0.29904,
                        52.41986,
                        0
                    ],
                    [
                        0.30041,
                        52.42052,
                        0
                    ],
                    [
                        0.30089,
                        52.42081,
                        0
                    ],
                    [
                        0.30162,
                        52.42132,
                        0
                    ],
                    [
                        0.3019,
                        52.42155,
                        0
                    ],
                    [
                        0.30221,
                        52.4219,
                        0
                    ],
                    [
                        0.30224,
                        52.42197,
                        0
                    ],
                    [
                        0.3024,
                        52.42198,
                        0
                    ],
                    [
                        0.30558,
                        52.42259,
                        0
                    ],
                    [
                        0.30608,
                        52.42266,
                        0
                    ],
                    [
                        0.30615,
                        52.42273,
                        0
                    ],
                    [
                        0.30616,
                        52.42284,
                        0
                    ],
                    [
                        0.3065,
                        52.42295,
                        0
                    ],
                    [
                        0.30662,
                        52.42303,
                        0
                    ],
                    [
                        0.30729,
                        52.42432,
                        0
                    ],
                    [
                        0.3079,
                        52.42564,
                        0
                    ],
                    [
                        0.30849,
                        52.42668,
                        0
                    ],
                    [
                        0.30858,
                        52.42689,
                        0
                    ],
                    [
                        0.30855,
                        52.42728,
                        0
                    ],
                    [
                        0.30937,
                        52.4292,
                        0
                    ],
                    [
                        0.30961,
                        52.42995,
                        0
                    ],
                    [
                        0.30958,
                        52.43009,
                        0
                    ],
                    [
                        0.30963,
                        52.43023,
                        0
                    ],
                    [
                        0.30986,
                        52.43027,
                        0
                    ],
                    [
                        0.31125,
                        52.43401,
                        0
                    ],
                    [
                        0.31238,
                        52.43716,
                        0
                    ],
                    [
                        0.31348,
                        52.44001,
                        0
                    ],
                    [
                        0.31378,
                        52.44072,
                        0
                    ],
                    [
                        0.31417,
                        52.44191,
                        0
                    ],
                    [
                        0.31618,
                        52.44716,
                        0
                    ],
                    [
                        0.31656,
                        52.44802,
                        0
                    ],
                    [
                        0.31705,
                        52.44949,
                        0
                    ],
                    [
                        0.31752,
                        52.45142,
                        0
                    ],
                    [
                        0.31761,
                        52.45144,
                        0
                    ],
                    [
                        0.31768,
                        52.4515,
                        0
                    ],
                    [
                        0.31727,
                        52.45189,
                        0
                    ],
                    [
                        0.3172,
                        52.45189,
                        0
                    ],
                    [
                        0.31746,
                        52.45279,
                        0
                    ],
                    [
                        0.31787,
                        52.45388,
                        0
                    ],
                    [
                        0.31806,
                        52.45402,
                        0
                    ],
                    [
                        0.31811,
                        52.45411,
                        0
                    ],
                    [
                        0.31814,
                        52.45435,
                        0
                    ],
                    [
                        0.31811,
                        52.45411,
                        0
                    ],
                    [
                        0.31806,
                        52.45402,
                        0
                    ],
                    [
                        0.31787,
                        52.45388,
                        0
                    ],
                    [
                        0.31775,
                        52.45357,
                        0
                    ],
                    [
                        0.318,
                        52.4534,
                        0
                    ],
                    [
                        0.31813,
                        52.45334,
                        0
                    ],
                    [
                        0.31826,
                        52.45332,
                        0
                    ],
                    [
                        0.31893,
                        52.45327,
                        0
                    ],
                    [
                        0.31908,
                        52.45403,
                        0
                    ],
                    [
                        0.31926,
                        52.45564,
                        0
                    ],
                    [
                        0.31923,
                        52.45637,
                        0
                    ],
                    [
                        0.31906,
                        52.4584,
                        0
                    ],
                    [
                        0.31903,
                        52.4604,
                        0
                    ],
                    [
                        0.31918,
                        52.46108,
                        0
                    ],
                    [
                        0.31936,
                        52.46172,
                        0
                    ],
                    [
                        0.31962,
                        52.46236,
                        0
                    ],
                    [
                        0.32004,
                        52.46299,
                        0
                    ],
                    [
                        0.32024,
                        52.46323,
                        0
                    ],
                    [
                        0.32091,
                        52.46383,
                        0
                    ],
                    [
                        0.32112,
                        52.46406,
                        0
                    ],
                    [
                        0.32196,
                        52.46476,
                        0
                    ],
                    [
                        0.322,
                        52.46491,
                        0
                    ],
                    [
                        0.32223,
                        52.46498,
                        0
                    ],
                    [
                        0.32301,
                        52.46574,
                        0
                    ],
                    [
                        0.32344,
                        52.46609,
                        0
                    ],
                    [
                        0.32421,
                        52.46678,
                        0
                    ],
                    [
                        0.32463,
                        52.46725,
                        0
                    ],
                    [
                        0.32554,
                        52.4684,
                        0
                    ],
                    [
                        0.32619,
                        52.46927,
                        0
                    ],
                    [
                        0.32646,
                        52.46953,
                        0
                    ],
                    [
                        0.32804,
                        52.47088,
                        0
                    ],
                    [
                        0.3289,
                        52.47156,
                        0
                    ],
                    [
                        0.33123,
                        52.47352,
                        0
                    ],
                    [
                        0.33349,
                        52.47534,
                        0
                    ],
                    [
                        0.33383,
                        52.47557,
                        0
                    ],
                    [
                        0.33515,
                        52.47635,
                        0
                    ],
                    [
                        0.33744,
                        52.47754,
                        0
                    ],
                    [
                        0.33806,
                        52.47793,
                        0
                    ],
                    [
                        0.33989,
                        52.47932,
                        0
                    ],
                    [
                        0.3403,
                        52.47964,
                        0
                    ],
                    [
                        0.34111,
                        52.4805,
                        0
                    ],
                    [
                        0.34163,
                        52.48113,
                        0
                    ],
                    [
                        0.34206,
                        52.48159,
                        0
                    ],
                    [
                        0.34296,
                        52.48241,
                        0
                    ],
                    [
                        0.34335,
                        52.48267,
                        0
                    ],
                    [
                        0.34392,
                        52.48299,
                        0
                    ],
                    [
                        0.34445,
                        52.48334,
                        0
                    ],
                    [
                        0.34487,
                        52.48368,
                        0
                    ],
                    [
                        0.34624,
                        52.48516,
                        0
                    ],
                    [
                        0.34667,
                        52.48572,
                        0
                    ],
                    [
                        0.34692,
                        52.48596,
                        0
                    ],
                    [
                        0.34748,
                        52.48626,
                        0
                    ],
                    [
                        0.34819,
                        52.4867,
                        0
                    ],
                    [
                        0.34985,
                        52.48792,
                        0
                    ],
                    [
                        0.3508,
                        52.48858,
                        0
                    ],
                    [
                        0.3516,
                        52.48924,
                        0
                    ],
                    [
                        0.35202,
                        52.48952,
                        0
                    ],
                    [
                        0.35368,
                        52.49035,
                        0
                    ],
                    [
                        0.35414,
                        52.49064,
                        0
                    ],
                    [
                        0.35456,
                        52.49095,
                        0
                    ],
                    [
                        0.35547,
                        52.49174,
                        0
                    ],
                    [
                        0.35617,
                        52.49254,
                        0
                    ],
                    [
                        0.35679,
                        52.49341,
                        0
                    ],
                    [
                        0.35709,
                        52.4937,
                        0
                    ],
                    [
                        0.35755,
                        52.49401,
                        0
                    ],
                    [
                        0.35802,
                        52.49428,
                        0
                    ],
                    [
                        0.35846,
                        52.49449,
                        0
                    ],
                    [
                        0.35948,
                        52.49517,
                        0
                    ],
                    [
                        0.35986,
                        52.49548,
                        0
                    ],
                    [
                        0.36052,
                        52.49615,
                        0
                    ],
                    [
                        0.36095,
                        52.49651,
                        0
                    ],
                    [
                        0.36132,
                        52.49672,
                        0
                    ],
                    [
                        0.36187,
                        52.49688,
                        0
                    ],
                    [
                        0.36273,
                        52.4971,
                        0
                    ],
                    [
                        0.36343,
                        52.49734,
                        0
                    ],
                    [
                        0.36386,
                        52.49755,
                        0
                    ],
                    [
                        0.36428,
                        52.49784,
                        0
                    ],
                    [
                        0.36451,
                        52.49811,
                        0
                    ],
                    [
                        0.36465,
                        52.49839,
                        0
                    ],
                    [
                        0.36473,
                        52.49868,
                        0
                    ],
                    [
                        0.36467,
                        52.49931,
                        0
                    ],
                    [
                        0.36467,
                        52.49958,
                        0
                    ],
                    [
                        0.36472,
                        52.49985,
                        0
                    ],
                    [
                        0.36483,
                        52.50009,
                        0
                    ],
                    [
                        0.36503,
                        52.50029,
                        0
                    ],
                    [
                        0.36535,
                        52.5005,
                        0
                    ],
                    [
                        0.36591,
                        52.50075,
                        0
                    ],
                    [
                        0.36612,
                        52.50082,
                        0
                    ],
                    [
                        0.36677,
                        52.50097,
                        0
                    ],
                    [
                        0.36688,
                        52.50097,
                        0
                    ],
                    [
                        0.36695,
                        52.50094,
                        0
                    ],
                    [
                        0.36696,
                        52.50088,
                        0
                    ],
                    [
                        0.36667,
                        52.50043,
                        0
                    ],
                    [
                        0.36635,
                        52.50042,
                        0
                    ],
                    [
                        0.36618,
                        52.50035,
                        0
                    ],
                    [
                        0.36601,
                        52.50026,
                        0
                    ],
                    [
                        0.36592,
                        52.50017,
                        0
                    ],
                    [
                        0.36565,
                        52.4998,
                        0
                    ],
                    [
                        0.36559,
                        52.49969,
                        0
                    ],
                    [
                        0.3656,
                        52.49963,
                        0
                    ],
                    [
                        0.36582,
                        52.49952,
                        0
                    ],
                    [
                        0.36604,
                        52.49964,
                        0
                    ],
                    [
                        0.36719,
                        52.50037,
                        0
                    ],
                    [
                        0.36745,
                        52.50058,
                        0
                    ],
                    [
                        0.36775,
                        52.50097,
                        0
                    ],
                    [
                        0.36784,
                        52.50113,
                        0
                    ],
                    [
                        0.36815,
                        52.5014,
                        0
                    ],
                    [
                        0.36837,
                        52.50157,
                        0
                    ],
                    [
                        0.36886,
                        52.50188,
                        0
                    ],
                    [
                        0.36961,
                        52.50229,
                        0
                    ],
                    [
                        0.36937,
                        52.50246,
                        0
                    ],
                    [
                        0.3694,
                        52.5029,
                        0
                    ],
                    [
                        0.36938,
                        52.5031,
                        0
                    ],
                    [
                        0.36934,
                        52.50324,
                        0
                    ],
                    [
                        0.36912,
                        52.50376,
                        0
                    ],
                    [
                        0.3691,
                        52.50391,
                        0
                    ],
                    [
                        0.36915,
                        52.50409,
                        0
                    ],
                    [
                        0.36924,
                        52.50419,
                        0
                    ],
                    [
                        0.37079,
                        52.50528,
                        0
                    ],
                    [
                        0.37191,
                        52.50572,
                        0
                    ],
                    [
                        0.37218,
                        52.50584,
                        0
                    ],
                    [
                        0.37259,
                        52.50608,
                        0
                    ],
                    [
                        0.37293,
                        52.50638,
                        0
                    ],
                    [
                        0.37321,
                        52.50675,
                        0
                    ],
                    [
                        0.3733,
                        52.50705,
                        0
                    ],
                    [
                        0.37331,
                        52.50802,
                        0
                    ],
                    [
                        0.37334,
                        52.50816,
                        0
                    ],
                    [
                        0.3735,
                        52.50858,
                        0
                    ],
                    [
                        0.37384,
                        52.50922,
                        0
                    ],
                    [
                        0.37398,
                        52.50927,
                        0
                    ],
                    [
                        0.37431,
                        52.50928,
                        0
                    ],
                    [
                        0.37444,
                        52.51013,
                        0
                    ],
                    [
                        0.37463,
                        52.51101,
                        0
                    ],
                    [
                        0.37487,
                        52.51182,
                        0
                    ],
                    [
                        0.37587,
                        52.51465,
                        0
                    ],
                    [
                        0.37568,
                        52.5147,
                        0
                    ],
                    [
                        0.3757,
                        52.51486,
                        0
                    ],
                    [
                        0.37563,
                        52.51528,
                        0
                    ],
                    [
                        0.37536,
                        52.51556,
                        0
                    ],
                    [
                        0.37511,
                        52.51579,
                        0
                    ],
                    [
                        0.37484,
                        52.51613,
                        0
                    ],
                    [
                        0.37443,
                        52.51654,
                        0
                    ],
                    [
                        0.37366,
                        52.51708,
                        0
                    ],
                    [
                        0.37311,
                        52.51744,
                        0
                    ],
                    [
                        0.37257,
                        52.51768,
                        0
                    ],
                    [
                        0.37175,
                        52.51808,
                        0
                    ],
                    [
                        0.37111,
                        52.51849,
                        0
                    ],
                    [
                        0.37072,
                        52.51884,
                        0
                    ],
                    [
                        0.37012,
                        52.51957,
                        0
                    ],
                    [
                        0.36978,
                        52.51986,
                        0
                    ],
                    [
                        0.36921,
                        52.52029,
                        0
                    ],
                    [
                        0.3687,
                        52.52059,
                        0
                    ],
                    [
                        0.3678,
                        52.52107,
                        0
                    ],
                    [
                        0.36737,
                        52.52147,
                        0
                    ],
                    [
                        0.36715,
                        52.52181,
                        0
                    ],
                    [
                        0.36703,
                        52.52228,
                        0
                    ],
                    [
                        0.36699,
                        52.52278,
                        0
                    ],
                    [
                        0.36691,
                        52.52309,
                        0
                    ],
                    [
                        0.36665,
                        52.52382,
                        0
                    ],
                    [
                        0.36641,
                        52.52431,
                        0
                    ],
                    [
                        0.36608,
                        52.52482,
                        0
                    ],
                    [
                        0.36568,
                        52.52534,
                        0
                    ],
                    [
                        0.36537,
                        52.52559,
                        0
                    ],
                    [
                        0.3642,
                        52.52626,
                        0
                    ],
                    [
                        0.36349,
                        52.52655,
                        0
                    ],
                    [
                        0.36258,
                        52.52687,
                        0
                    ],
                    [
                        0.36222,
                        52.52707,
                        0
                    ],
                    [
                        0.36186,
                        52.52735,
                        0
                    ],
                    [
                        0.3613,
                        52.52788,
                        0
                    ],
                    [
                        0.36047,
                        52.52874,
                        0
                    ],
                    [
                        0.35946,
                        52.52986,
                        0
                    ],
                    [
                        0.35879,
                        52.53053,
                        0
                    ],
                    [
                        0.35862,
                        52.53086,
                        0
                    ],
                    [
                        0.35854,
                        52.5312,
                        0
                    ],
                    [
                        0.35849,
                        52.53166,
                        0
                    ],
                    [
                        0.35851,
                        52.53214,
                        0
                    ],
                    [
                        0.35856,
                        52.53246,
                        0
                    ],
                    [
                        0.35876,
                        52.53295,
                        0
                    ],
                    [
                        0.359,
                        52.53336,
                        0
                    ],
                    [
                        0.35954,
                        52.53401,
                        0
                    ],
                    [
                        0.35992,
                        52.53466,
                        0
                    ],
                    [
                        0.36006,
                        52.53499,
                        0
                    ],
                    [
                        0.36015,
                        52.5353,
                        0
                    ],
                    [
                        0.36012,
                        52.53559,
                        0
                    ],
                    [
                        0.35995,
                        52.53598,
                        0
                    ],
                    [
                        0.35941,
                        52.5369,
                        0
                    ],
                    [
                        0.35917,
                        52.53727,
                        0
                    ],
                    [
                        0.35898,
                        52.53786,
                        0
                    ],
                    [
                        0.35907,
                        52.53848,
                        0
                    ],
                    [
                        0.35939,
                        52.53925,
                        0
                    ],
                    [
                        0.35962,
                        52.53973,
                        0
                    ],
                    [
                        0.36007,
                        52.54087,
                        0
                    ],
                    [
                        0.36042,
                        52.54136,
                        0
                    ],
                    [
                        0.36072,
                        52.54173,
                        0
                    ],
                    [
                        0.36201,
                        52.54273,
                        0
                    ],
                    [
                        0.363,
                        52.5437,
                        0
                    ],
                    [
                        0.36326,
                        52.54408,
                        0
                    ],
                    [
                        0.36352,
                        52.54441,
                        0
                    ],
                    [
                        0.36388,
                        52.5448,
                        0
                    ],
                    [
                        0.36455,
                        52.54547,
                        0
                    ],
                    [
                        0.36472,
                        52.54574,
                        0
                    ],
                    [
                        0.36483,
                        52.54608,
                        0
                    ],
                    [
                        0.36483,
                        52.54646,
                        0
                    ],
                    [
                        0.36478,
                        52.54671,
                        0
                    ],
                    [
                        0.36462,
                        52.54707,
                        0
                    ],
                    [
                        0.36465,
                        52.54727,
                        0
                    ],
                    [
                        0.36365,
                        52.54712,
                        0
                    ],
                    [
                        0.36359,
                        52.54729,
                        0
                    ],
                    [
                        0.36279,
                        52.54851,
                        0
                    ],
                    [
                        0.36246,
                        52.54889,
                        0
                    ],
                    [
                        0.36223,
                        52.54909,
                        0
                    ],
                    [
                        0.36034,
                        52.55051,
                        0
                    ],
                    [
                        0.35714,
                        52.5534,
                        0
                    ],
                    [
                        0.35674,
                        52.55396,
                        0
                    ],
                    [
                        0.35623,
                        52.55473,
                        0
                    ],
                    [
                        0.35588,
                        52.55502,
                        0
                    ],
                    [
                        0.35452,
                        52.55585,
                        0
                    ],
                    [
                        0.35361,
                        52.55656,
                        0
                    ],
                    [
                        0.35198,
                        52.55846,
                        0
                    ],
                    [
                        0.35139,
                        52.55924,
                        0
                    ],
                    [
                        0.35081,
                        52.56012,
                        0
                    ],
                    [
                        0.35037,
                        52.56069,
                        0
                    ],
                    [
                        0.35004,
                        52.56101,
                        0
                    ],
                    [
                        0.3495,
                        52.56134,
                        0
                    ],
                    [
                        0.34934,
                        52.56142,
                        0
                    ],
                    [
                        0.34891,
                        52.56158,
                        0
                    ],
                    [
                        0.34772,
                        52.56183,
                        0
                    ],
                    [
                        0.34735,
                        52.56193,
                        0
                    ],
                    [
                        0.34599,
                        52.56248,
                        0
                    ],
                    [
                        0.34541,
                        52.56279,
                        0
                    ],
                    [
                        0.34478,
                        52.56331,
                        0
                    ],
                    [
                        0.34432,
                        52.56383,
                        0
                    ],
                    [
                        0.3435,
                        52.56532,
                        0
                    ],
                    [
                        0.34332,
                        52.56585,
                        0
                    ],
                    [
                        0.34318,
                        52.56608,
                        0
                    ],
                    [
                        0.34279,
                        52.56641,
                        0
                    ],
                    [
                        0.34262,
                        52.56663,
                        0
                    ],
                    [
                        0.34208,
                        52.56773,
                        0
                    ],
                    [
                        0.34195,
                        52.56811,
                        0
                    ],
                    [
                        0.34183,
                        52.56865,
                        0
                    ],
                    [
                        0.34176,
                        52.56913,
                        0
                    ],
                    [
                        0.34171,
                        52.56993,
                        0
                    ],
                    [
                        0.3417,
                        52.57079,
                        0
                    ],
                    [
                        0.34165,
                        52.57138,
                        0
                    ],
                    [
                        0.34152,
                        52.57192,
                        0
                    ],
                    [
                        0.34128,
                        52.57254,
                        0
                    ],
                    [
                        0.34065,
                        52.57373,
                        0
                    ],
                    [
                        0.34038,
                        52.57436,
                        0
                    ],
                    [
                        0.34027,
                        52.57486,
                        0
                    ],
                    [
                        0.34023,
                        52.57535,
                        0
                    ],
                    [
                        0.33996,
                        52.57634,
                        0
                    ],
                    [
                        0.33972,
                        52.57808,
                        0
                    ],
                    [
                        0.33974,
                        52.5789,
                        0
                    ],
                    [
                        0.33981,
                        52.57941,
                        0
                    ],
                    [
                        0.33995,
                        52.57972,
                        0
                    ],
                    [
                        0.34013,
                        52.58002,
                        0
                    ],
                    [
                        0.34032,
                        52.58027,
                        0
                    ],
                    [
                        0.34082,
                        52.58072,
                        0
                    ],
                    [
                        0.34113,
                        52.58109,
                        0
                    ],
                    [
                        0.34127,
                        52.58131,
                        0
                    ],
                    [
                        0.34145,
                        52.58168,
                        0
                    ],
                    [
                        0.34154,
                        52.58192,
                        0
                    ],
                    [
                        0.34157,
                        52.58208,
                        0
                    ],
                    [
                        0.34159,
                        52.58258,
                        0
                    ],
                    [
                        0.34154,
                        52.58278,
                        0
                    ],
                    [
                        0.34144,
                        52.58302,
                        0
                    ],
                    [
                        0.34128,
                        52.58329,
                        0
                    ],
                    [
                        0.34128,
                        52.58336,
                        0
                    ],
                    [
                        0.34135,
                        52.58345,
                        0
                    ],
                    [
                        0.3415,
                        52.58358,
                        0
                    ],
                    [
                        0.34168,
                        52.58368,
                        0
                    ],
                    [
                        0.34174,
                        52.5837,
                        0
                    ],
                    [
                        0.34242,
                        52.58386,
                        0
                    ],
                    [
                        0.3425,
                        52.5839,
                        0
                    ],
                    [
                        0.34256,
                        52.58395,
                        0
                    ],
                    [
                        0.34268,
                        52.5841,
                        0
                    ],
                    [
                        0.34258,
                        52.58428,
                        0
                    ],
                    [
                        0.34224,
                        52.58461,
                        0
                    ],
                    [
                        0.34197,
                        52.58513,
                        0
                    ],
                    [
                        0.34179,
                        52.58567,
                        0
                    ],
                    [
                        0.34144,
                        52.58716,
                        0
                    ],
                    [
                        0.34141,
                        52.58969,
                        0
                    ],
                    [
                        0.34151,
                        52.59022,
                        0
                    ],
                    [
                        0.34195,
                        52.59059,
                        0
                    ],
                    [
                        0.34311,
                        52.59131,
                        0
                    ],
                    [
                        0.34436,
                        52.59258,
                        0
                    ],
                    [
                        0.34489,
                        52.59305,
                        0
                    ],
                    [
                        0.34592,
                        52.59367,
                        0
                    ],
                    [
                        0.34721,
                        52.5943,
                        0
                    ],
                    [
                        0.34807,
                        52.59479,
                        0
                    ],
                    [
                        0.34887,
                        52.59536,
                        0
                    ],
                    [
                        0.3498,
                        52.59577,
                        0
                    ],
                    [
                        0.35165,
                        52.59623,
                        0
                    ],
                    [
                        0.35244,
                        52.59639,
                        0
                    ],
                    [
                        0.35281,
                        52.59649,
                        0
                    ],
                    [
                        0.35328,
                        52.59668,
                        0
                    ],
                    [
                        0.35361,
                        52.59685,
                        0
                    ],
                    [
                        0.35414,
                        52.5972,
                        0
                    ],
                    [
                        0.35447,
                        52.59755,
                        0
                    ],
                    [
                        0.35519,
                        52.59837,
                        0
                    ],
                    [
                        0.35599,
                        52.59915,
                        0
                    ],
                    [
                        0.3566,
                        52.59977,
                        0
                    ],
                    [
                        0.35724,
                        52.60035,
                        0
                    ],
                    [
                        0.35739,
                        52.60045,
                        0
                    ],
                    [
                        0.35741,
                        52.60051,
                        0
                    ],
                    [
                        0.35758,
                        52.60062,
                        0
                    ],
                    [
                        0.35812,
                        52.6011,
                        0
                    ],
                    [
                        0.35896,
                        52.60192,
                        0
                    ]
                ]
            },
            "properties": {
                "name": "Ely to Downham Market",
                "distance": 28,
                "description": "At Ely, the Ouse Valley Way combines with the Fen Rivers Way and heads through the fens to Denver Sluice.",
                "link": "/walks/2-ely-to-downham-market-28-km.html",
                "image": "/assets/images/downham_market.jpg",
				"stroke": "#f57c00",
				"stroke-opacity": 1,
				"strokewidth": 4
            }
        },
        {
            "type": "Feature",
            "geometry": {
                "type": "LineString",
                "coordinates": [
                    [
                        0.36178,
                        52.60387,
                        0
                    ],
                    [
                        0.36186,
                        52.60406,
                        0
                    ],
                    [
                        0.36181,
                        52.60428,
                        0
                    ],
                    [
                        0.36173,
                        52.60438,
                        0
                    ],
                    [
                        0.36141,
                        52.60457,
                        0
                    ],
                    [
                        0.36135,
                        52.60462,
                        0
                    ],
                    [
                        0.36132,
                        52.60468,
                        0
                    ],
                    [
                        0.36135,
                        52.60476,
                        0
                    ],
                    [
                        0.36151,
                        52.605,
                        0
                    ],
                    [
                        0.36272,
                        52.6077,
                        0
                    ],
                    [
                        0.36325,
                        52.60828,
                        0
                    ],
                    [
                        0.36378,
                        52.60872,
                        0
                    ],
                    [
                        0.36511,
                        52.6097,
                        0
                    ],
                    [
                        0.36548,
                        52.61021,
                        0
                    ],
                    [
                        0.36564,
                        52.6107,
                        0
                    ],
                    [
                        0.36587,
                        52.61179,
                        0
                    ],
                    [
                        0.36596,
                        52.61241,
                        0
                    ],
                    [
                        0.36593,
                        52.61349,
                        0
                    ],
                    [
                        0.36577,
                        52.61422,
                        0
                    ],
                    [
                        0.36555,
                        52.61465,
                        0
                    ],
                    [
                        0.36475,
                        52.61562,
                        0
                    ],
                    [
                        0.36446,
                        52.616,
                        0
                    ],
                    [
                        0.36401,
                        52.61684,
                        0
                    ],
                    [
                        0.36393,
                        52.61708,
                        0
                    ],
                    [
                        0.36391,
                        52.62148,
                        0
                    ],
                    [
                        0.36405,
                        52.62202,
                        0
                    ],
                    [
                        0.36426,
                        52.62244,
                        0
                    ],
                    [
                        0.36457,
                        52.62285,
                        0
                    ],
                    [
                        0.36519,
                        52.62333,
                        0
                    ],
                    [
                        0.36626,
                        52.62428,
                        0
                    ],
                    [
                        0.36649,
                        52.62457,
                        0
                    ],
                    [
                        0.36662,
                        52.62499,
                        0
                    ],
                    [
                        0.36669,
                        52.62532,
                        0
                    ],
                    [
                        0.36669,
                        52.62567,
                        0
                    ],
                    [
                        0.36662,
                        52.62597,
                        0
                    ],
                    [
                        0.36625,
                        52.62693,
                        0
                    ],
                    [
                        0.36619,
                        52.62714,
                        0
                    ],
                    [
                        0.36596,
                        52.62761,
                        0
                    ],
                    [
                        0.36587,
                        52.62803,
                        0
                    ],
                    [
                        0.36587,
                        52.6284,
                        0
                    ],
                    [
                        0.36593,
                        52.62896,
                        0
                    ],
                    [
                        0.36609,
                        52.62933,
                        0
                    ],
                    [
                        0.36619,
                        52.6295,
                        0
                    ],
                    [
                        0.36639,
                        52.62954,
                        0
                    ],
                    [
                        0.36672,
                        52.6295,
                        0
                    ],
                    [
                        0.36721,
                        52.62973,
                        0
                    ],
                    [
                        0.36737,
                        52.62994,
                        0
                    ],
                    [
                        0.36811,
                        52.63273,
                        0
                    ],
                    [
                        0.36824,
                        52.63341,
                        0
                    ],
                    [
                        0.36835,
                        52.63466,
                        0
                    ],
                    [
                        0.36836,
                        52.63497,
                        0
                    ],
                    [
                        0.36845,
                        52.63527,
                        0
                    ],
                    [
                        0.36845,
                        52.63534,
                        0
                    ],
                    [
                        0.36842,
                        52.63538,
                        0
                    ],
                    [
                        0.36816,
                        52.63546,
                        0
                    ],
                    [
                        0.36815,
                        52.63556,
                        0
                    ],
                    [
                        0.3682,
                        52.63572,
                        0
                    ],
                    [
                        0.368,
                        52.63659,
                        0
                    ],
                    [
                        0.36803,
                        52.63673,
                        0
                    ],
                    [
                        0.36811,
                        52.63695,
                        0
                    ],
                    [
                        0.36811,
                        52.63705,
                        0
                    ],
                    [
                        0.36795,
                        52.63704,
                        0
                    ],
                    [
                        0.36793,
                        52.63723,
                        0
                    ],
                    [
                        0.368,
                        52.6374,
                        0
                    ],
                    [
                        0.3681,
                        52.63779,
                        0
                    ],
                    [
                        0.36909,
                        52.6394,
                        0
                    ],
                    [
                        0.3693,
                        52.63993,
                        0
                    ],
                    [
                        0.36926,
                        52.64111,
                        0
                    ],
                    [
                        0.36909,
                        52.64223,
                        0
                    ],
                    [
                        0.36892,
                        52.64281,
                        0
                    ],
                    [
                        0.36865,
                        52.64351,
                        0
                    ],
                    [
                        0.36846,
                        52.64392,
                        0
                    ],
                    [
                        0.36806,
                        52.64442,
                        0
                    ],
                    [
                        0.36756,
                        52.64494,
                        0
                    ],
                    [
                        0.367,
                        52.64566,
                        0
                    ],
                    [
                        0.36683,
                        52.64595,
                        0
                    ],
                    [
                        0.36675,
                        52.64616,
                        0
                    ],
                    [
                        0.36667,
                        52.64667,
                        0
                    ],
                    [
                        0.3668,
                        52.64748,
                        0
                    ],
                    [
                        0.36704,
                        52.64858,
                        0
                    ],
                    [
                        0.36706,
                        52.649,
                        0
                    ],
                    [
                        0.36684,
                        52.65104,
                        0
                    ],
                    [
                        0.36686,
                        52.65138,
                        0
                    ],
                    [
                        0.36696,
                        52.6519,
                        0
                    ],
                    [
                        0.36728,
                        52.65298,
                        0
                    ],
                    [
                        0.36737,
                        52.65337,
                        0
                    ],
                    [
                        0.36722,
                        52.65457,
                        0
                    ],
                    [
                        0.36685,
                        52.65548,
                        0
                    ],
                    [
                        0.36584,
                        52.65733,
                        0
                    ],
                    [
                        0.3659,
                        52.65799,
                        0
                    ],
                    [
                        0.36558,
                        52.65881,
                        0
                    ],
                    [
                        0.36532,
                        52.6593,
                        0
                    ],
                    [
                        0.36519,
                        52.65998,
                        0
                    ],
                    [
                        0.36466,
                        52.66125,
                        0
                    ],
                    [
                        0.3637,
                        52.66269,
                        0
                    ],
                    [
                        0.36295,
                        52.66406,
                        0
                    ],
                    [
                        0.36202,
                        52.66488,
                        0
                    ],
                    [
                        0.36159,
                        52.66572,
                        0
                    ],
                    [
                        0.36144,
                        52.66652,
                        0
                    ],
                    [
                        0.36144,
                        52.66675,
                        0
                    ],
                    [
                        0.36158,
                        52.66735,
                        0
                    ],
                    [
                        0.3617,
                        52.66769,
                        0
                    ],
                    [
                        0.36253,
                        52.66893,
                        0
                    ],
                    [
                        0.36324,
                        52.6703,
                        0
                    ],
                    [
                        0.36327,
                        52.67043,
                        0
                    ],
                    [
                        0.3638,
                        52.67137,
                        0
                    ],
                    [
                        0.36581,
                        52.67512,
                        0
                    ],
                    [
                        0.36596,
                        52.67547,
                        0
                    ],
                    [
                        0.36597,
                        52.6756,
                        0
                    ],
                    [
                        0.36603,
                        52.67574,
                        0
                    ],
                    [
                        0.36648,
                        52.67647,
                        0
                    ],
                    [
                        0.36655,
                        52.67649,
                        0
                    ],
                    [
                        0.3666,
                        52.67654,
                        0
                    ],
                    [
                        0.36656,
                        52.67669,
                        0
                    ],
                    [
                        0.36834,
                        52.67914,
                        0
                    ],
                    [
                        0.36915,
                        52.68035,
                        0
                    ],
                    [
                        0.36993,
                        52.68145,
                        0
                    ],
                    [
                        0.37086,
                        52.68262,
                        0
                    ],
                    [
                        0.37146,
                        52.68343,
                        0
                    ],
                    [
                        0.37271,
                        52.68543,
                        0
                    ],
                    [
                        0.37332,
                        52.68653,
                        0
                    ],
                    [
                        0.3735,
                        52.68712,
                        0
                    ],
                    [
                        0.37345,
                        52.68763,
                        0
                    ],
                    [
                        0.37337,
                        52.68804,
                        0
                    ],
                    [
                        0.3725,
                        52.69005,
                        0
                    ],
                    [
                        0.37247,
                        52.69023,
                        0
                    ],
                    [
                        0.37255,
                        52.69051,
                        0
                    ],
                    [
                        0.37293,
                        52.69146,
                        0
                    ],
                    [
                        0.37295,
                        52.69176,
                        0
                    ],
                    [
                        0.37291,
                        52.69202,
                        0
                    ],
                    [
                        0.37265,
                        52.69265,
                        0
                    ],
                    [
                        0.37253,
                        52.69284,
                        0
                    ],
                    [
                        0.37235,
                        52.69303,
                        0
                    ],
                    [
                        0.37219,
                        52.69316,
                        0
                    ],
                    [
                        0.37207,
                        52.69335,
                        0
                    ],
                    [
                        0.37192,
                        52.69351,
                        0
                    ],
                    [
                        0.37151,
                        52.69388,
                        0
                    ],
                    [
                        0.3712,
                        52.69411,
                        0
                    ],
                    [
                        0.3686,
                        52.69649,
                        0
                    ],
                    [
                        0.36827,
                        52.69675,
                        0
                    ],
                    [
                        0.36751,
                        52.69721,
                        0
                    ],
                    [
                        0.36706,
                        52.69741,
                        0
                    ],
                    [
                        0.36633,
                        52.69767,
                        0
                    ],
                    [
                        0.36551,
                        52.69791,
                        0
                    ],
                    [
                        0.36429,
                        52.69832,
                        0
                    ],
                    [
                        0.36366,
                        52.69855,
                        0
                    ],
                    [
                        0.36295,
                        52.69891,
                        0
                    ],
                    [
                        0.36225,
                        52.69936,
                        0
                    ],
                    [
                        0.36157,
                        52.69994,
                        0
                    ],
                    [
                        0.3614,
                        52.70027,
                        0
                    ],
                    [
                        0.36131,
                        52.7005,
                        0
                    ],
                    [
                        0.36143,
                        52.70052,
                        0
                    ],
                    [
                        0.36155,
                        52.70046,
                        0
                    ],
                    [
                        0.36143,
                        52.70052,
                        0
                    ],
                    [
                        0.36131,
                        52.7005,
                        0
                    ],
                    [
                        0.36115,
                        52.70077,
                        0
                    ],
                    [
                        0.36117,
                        52.7009,
                        0
                    ],
                    [
                        0.3611,
                        52.70103,
                        0
                    ],
                    [
                        0.36007,
                        52.70215,
                        0
                    ],
                    [
                        0.3596,
                        52.7026,
                        0
                    ],
                    [
                        0.35811,
                        52.70448,
                        0
                    ],
                    [
                        0.35756,
                        52.70531,
                        0
                    ],
                    [
                        0.35688,
                        52.70594,
                        0
                    ],
                    [
                        0.35605,
                        52.70702,
                        0
                    ],
                    [
                        0.35485,
                        52.71003,
                        0
                    ],
                    [
                        0.35455,
                        52.71202,
                        0
                    ],
                    [
                        0.35477,
                        52.71377,
                        0
                    ],
                    [
                        0.35577,
                        52.71628,
                        0
                    ],
                    [
                        0.35778,
                        52.71892,
                        0
                    ],
                    [
                        0.35871,
                        52.71973,
                        0
                    ],
                    [
                        0.3593,
                        52.72017,
                        0
                    ],
                    [
                        0.36694,
                        52.72553,
                        0
                    ],
                    [
                        0.36732,
                        52.72575,
                        0
                    ],
                    [
                        0.37345,
                        52.72974,
                        0
                    ],
                    [
                        0.37357,
                        52.72976,
                        0
                    ],
                    [
                        0.37373,
                        52.72976,
                        0
                    ],
                    [
                        0.3769,
                        52.72936,
                        0
                    ],
                    [
                        0.37703,
                        52.72933,
                        0
                    ],
                    [
                        0.3772,
                        52.72924,
                        0
                    ],
                    [
                        0.37761,
                        52.72942,
                        0
                    ],
                    [
                        0.37773,
                        52.72954,
                        0
                    ],
                    [
                        0.3779,
                        52.72999,
                        0
                    ],
                    [
                        0.37793,
                        52.73028,
                        0
                    ],
                    [
                        0.37812,
                        52.73086,
                        0
                    ],
                    [
                        0.37815,
                        52.7311,
                        0
                    ],
                    [
                        0.37812,
                        52.73137,
                        0
                    ],
                    [
                        0.37794,
                        52.73206,
                        0
                    ],
                    [
                        0.37798,
                        52.73244,
                        0
                    ],
                    [
                        0.37807,
                        52.73269,
                        0
                    ],
                    [
                        0.37827,
                        52.73296,
                        0
                    ],
                    [
                        0.37848,
                        52.73317,
                        0
                    ],
                    [
                        0.37957,
                        52.73396,
                        0
                    ],
                    [
                        0.38626,
                        52.7385,
                        0
                    ],
                    [
                        0.38646,
                        52.73879,
                        0
                    ],
                    [
                        0.38656,
                        52.73888,
                        0
                    ],
                    [
                        0.3869,
                        52.73913,
                        0
                    ],
                    [
                        0.38723,
                        52.73925,
                        0
                    ],
                    [
                        0.38789,
                        52.73968,
                        0
                    ],
                    [
                        0.38804,
                        52.74,
                        0
                    ],
                    [
                        0.38872,
                        52.7405,
                        0
                    ],
                    [
                        0.38936,
                        52.74087,
                        0
                    ],
                    [
                        0.39011,
                        52.74123,
                        0
                    ],
                    [
                        0.39044,
                        52.74153,
                        0
                    ],
                    [
                        0.39173,
                        52.7428,
                        0
                    ],
                    [
                        0.39218,
                        52.74331,
                        0
                    ],
                    [
                        0.39238,
                        52.74355,
                        0
                    ],
                    [
                        0.39363,
                        52.74521,
                        0
                    ],
                    [
                        0.39388,
                        52.74561,
                        0
                    ],
                    [
                        0.39466,
                        52.74717,
                        0
                    ],
                    [
                        0.39474,
                        52.74722,
                        0
                    ],
                    [
                        0.39485,
                        52.74726,
                        0
                    ],
                    [
                        0.3951,
                        52.74727,
                        0
                    ],
                    [
                        0.39528,
                        52.74723,
                        0
                    ],
                    [
                        0.39536,
                        52.74724,
                        0
                    ],
                    [
                        0.39549,
                        52.74731,
                        0
                    ],
                    [
                        0.39587,
                        52.7478,
                        0
                    ],
                    [
                        0.39597,
                        52.7479,
                        0
                    ],
                    [
                        0.39663,
                        52.74828,
                        0
                    ],
                    [
                        0.39667,
                        52.7484,
                        0
                    ],
                    [
                        0.39669,
                        52.74854,
                        0
                    ],
                    [
                        0.39664,
                        52.74867,
                        0
                    ],
                    [
                        0.39647,
                        52.74893,
                        0
                    ],
                    [
                        0.39608,
                        52.74927,
                        0
                    ]
                ]
            },
            "properties": {
                "name": "Downham Market to Kings Lynn",
                "distance": 18.5,
                "description": "From Downham Market the way continues between the two ‘rivers’ through the Wiggenhalls.",
                "link": "/walks/3-downham-market-to-kings-lynn-185-km.html",
                "image": "/assets/images/3/wiggenshalls.jpg",
				"stroke": "#f57c00",
				"stroke-opacity": 1,
				"strokewidth": 4
            }
        }
	]
}